File,Family_Code,Family,Unit_Type,System_Code,Formula,Formula_in_file,Atoms_in_file,Geometry_graph_match,Gaussian_connectivity_match,Identity_confirmed,Export_3D,Notes,Canonical_SMILES,InChI,InChIKey,Route
A-DAD_Hexamer/A-OOO6uv.gjf,A,benzochalcogenadiazole,Hexamer,OOO,C84H38N12O18,C84H38N12O18,152,True,True,True,True,,c1coc(-c2ccc(-c3ccc(-c4ccc(-c5ccc(-c6ccc(-c7ccc(-c8ccc(-c9ccc(-c%10ccc(-c%11ccc(-c%12ccc(-c%13ccc(-c%14ccc(-c%15ccc(-c%16ccc(-c%17ccc(-c%18ccco%18)c%18nonc%17%18)o%16)o%15)c%15nonc%14%15)o%13)o%12)c%12nonc%11%12)o%10)o9)c9nonc89)o7)o6)c6nonc56)o4)o3)c3nonc23)c1,InChI=1S/C84H38N12O18/c1-3-51(97-37-1)39-5-7-41(75-73(39)85-109-87-75)53-17-27-63(99-53)65-29-19-55(101-65)43-9-11-45(79-77(43)89-111-91-79)57-21-31-67(103-57)69-33-23-59(105-69)47-13-15-49(83-81(47)93-113-95-83)61-25-35-71(107-61)72-36-26-62(108-72)50-16-14-48(82-84(50)96-114-94-82)60-24-34-70(106-60)68-32-22-58(104-68)46-12-10-44(78-80(46)92-112-90-78)56-20-30-66(102-56)64-28-18-54(100-64)42-8-6-40(52-4-2-38-98-52)74-76(42)88-110-86-74/h1-38H,UYJXYXSIGTVTOU-UHFFFAOYSA-N,# td=(nstates=10) b3lyp/lanl2dz geom=connectivity
A-DAD_Hexamer/A-OSO6uv.gjf,A,benzochalcogenadiazole,Hexamer,OSO,C84H38N12O12S6,C84H38N12O12S6,152,True,False,True,False,implausible chalcogen bond lengths: S-N 1.897 | Gaussian connectivity block incomplete; identity from coordinates,c1coc(-c2ccc(-c3ccc(-c4ccc(-c5ccc(-c6ccc(-c7ccc(-c8ccc(-c9ccc(-c%10ccc(-c%11ccc(-c%12ccc(-c%13ccc(-c%14ccc(-c%15ccc(-c%16ccc(-c%17ccc(-c%18ccco%18)c%18nsnc%17%18)o%16)o%15)c%15nsnc%14%15)o%13)o%12)c%12nsnc%11%12)o%10)o9)c9nsnc89)o7)o6)c6nsnc56)o4)o3)c3nsnc23)c1,InChI=1S/C84H38N12O12S6/c1-3-51(97-37-1)39-5-7-41(75-73(39)85-109-87-75)53-17-27-63(99-53)65-29-19-55(101-65)43-9-11-45(79-77(43)89-111-91-79)57-21-31-67(103-57)69-33-23-59(105-69)47-13-15-49(83-81(47)93-113-95-83)61-25-35-71(107-61)72-36-26-62(108-72)50-16-14-48(82-84(50)96-114-94-82)60-24-34-70(106-60)68-32-22-58(104-68)46-12-10-44(78-80(46)92-112-90-78)56-20-30-66(102-56)64-28-18-54(100-64)42-8-6-40(52-4-2-38-98-52)74-76(42)88-110-86-74/h1-38H,UVLHYEUOUHYIRY-UHFFFAOYSA-N,# td=(nstates=10) b3lyp/lanl2dz geom=connectivity
A-DAD_Hexamer/A-OSeO6uv.gjf,A,benzochalcogenadiazole,Hexamer,OSeO,C84H38N12O12Se6,C84H38N12O12Se6,152,True,True,True,True,,c1coc(-c2ccc(-c3ccc(-c4ccc(-c5ccc(-c6ccc(-c7ccc(-c8ccc(-c9ccc(-c%10ccc(-c%11ccc(-c%12ccc(-c%13ccc(-c%14ccc(-c%15ccc(-c%16ccc(-c%17ccc(-c%18ccco%18)c%18n[se]nc%17%18)o%16)o%15)c%15n[se]nc%14%15)o%13)o%12)c%12n[se]nc%11%12)o%10)o9)c9n[se]nc89)o7)o6)c6n[se]nc56)o4)o3)c3n[se]nc23)c1,InChI=1S/C84H38N12O12Se6/c1-3-51(97-37-1)39-5-7-41(75-73(39)85-109-87-75)53-17-27-63(99-53)65-29-19-55(101-65)43-9-11-45(79-77(43)89-111-91-79)57-21-31-67(103-57)69-33-23-59(105-69)47-13-15-49(83-81(47)93-113-95-83)61-25-35-71(107-61)72-36-26-62(108-72)50-16-14-48(82-84(50)96-114-94-82)60-24-34-70(106-60)68-32-22-58(104-68)46-12-10-44(78-80(46)92-112-90-78)56-20-30-66(102-56)64-28-18-54(100-64)42-8-6-40(52-4-2-38-98-52)74-76(42)88-110-86-74/h1-38H,AYWVZVKSACUJSA-UHFFFAOYSA-N,"# td=(nstates=6,root=1) b3lyp/lanl2dz geom=connectivity"
A-DAD_Hexamer/A-OTeO6uv.gjf,A,benzochalcogenadiazole,Hexamer,OTeO,C84H38N12O12Te6,C84H38N12O12Te6,152,True,True,True,True,,c1coc(-c2ccc(-c3ccc(-c4ccc(-c5ccc(-c6ccc(-c7ccc(-c8ccc(-c9ccc(-c%10ccc(-c%11ccc(-c%12ccc(-c%13ccc(-c%14ccc(-c%15ccc(-c%16ccc(-c%17ccc(-c%18ccco%18)c%18n[te]nc%17%18)o%16)o%15)c%15n[te]nc%14%15)o%13)o%12)c%12n[te]nc%11%12)o%10)o9)c9n[te]nc89)o7)o6)c6n[te]nc56)o4)o3)c3n[te]nc23)c1,InChI=1S/C84H38N12O12Te6/c1-3-51(97-37-1)39-5-7-41(75-73(39)85-109-87-75)53-17-27-63(99-53)65-29-19-55(101-65)43-9-11-45(79-77(43)89-111-91-79)57-21-31-67(103-57)69-33-23-59(105-69)47-13-15-49(83-81(47)93-113-95-83)61-25-35-71(107-61)72-36-26-62(108-72)50-16-14-48(82-84(50)96-114-94-82)60-24-34-70(106-60)68-32-22-58(104-68)46-12-10-44(78-80(46)92-112-90-78)56-20-30-66(102-56)64-28-18-54(100-64)42-8-6-40(52-4-2-38-98-52)74-76(42)88-110-86-74/h1-38H,OUDXVHGNUBUQCM-UHFFFAOYSA-N,"# td=(nstates=6,root=1) b3lyp/lanl2dz geom=connectivity"
A-DAD_Hexamer/A-SOS6uv.gjf,A,benzochalcogenadiazole,Hexamer,SOS,C84H38N12O6S12,C84H38N12O6S12,152,True,True,True,True,,c1csc(-c2ccc(-c3ccc(-c4ccc(-c5ccc(-c6ccc(-c7ccc(-c8ccc(-c9ccc(-c%10ccc(-c%11ccc(-c%12ccc(-c%13ccc(-c%14ccc(-c%15ccc(-c%16ccc(-c%17ccc(-c%18cccs%18)c%18nonc%17%18)s%16)s%15)c%15nonc%14%15)s%13)s%12)c%12nonc%11%12)s%10)s9)c9nonc89)s7)s6)c6nonc56)s4)s3)c3nonc23)c1,InChI=1S/C84H38N12O6S12/c1-3-51(103-37-1)39-5-7-41(75-73(39)85-97-87-75)53-17-27-63(105-53)65-29-19-55(107-65)43-9-11-45(79-77(43)89-99-91-79)57-21-31-67(109-57)69-33-23-59(111-69)47-13-15-49(83-81(47)93-101-95-83)61-25-35-71(113-61)72-36-26-62(114-72)50-16-14-48(82-84(50)96-102-94-82)60-24-34-70(112-60)68-32-22-58(110-68)46-12-10-44(78-80(46)92-100-90-78)56-20-30-66(108-56)64-28-18-54(106-64)42-8-6-40(52-4-2-38-104-52)74-76(42)88-98-86-74/h1-38H,LVTSSDDQZPVBLB-UHFFFAOYSA-N,# td=(nstates=10) b3lyp/lanl2dz geom=connectivity
A-DAD_Hexamer/A-SSS6uv.gjf,A,benzochalcogenadiazole,Hexamer,SSS,C84H38N12S18,C84H38N12S18,152,True,True,True,True,,c1csc(-c2ccc(-c3ccc(-c4ccc(-c5ccc(-c6ccc(-c7ccc(-c8ccc(-c9ccc(-c%10ccc(-c%11ccc(-c%12ccc(-c%13ccc(-c%14ccc(-c%15ccc(-c%16ccc(-c%17ccc(-c%18cccs%18)c%18nsnc%17%18)s%16)s%15)c%15nsnc%14%15)s%13)s%12)c%12nsnc%11%12)s%10)s9)c9nsnc89)s7)s6)c6nsnc56)s4)s3)c3nsnc23)c1,InChI=1S/C84H38N12S18/c1-3-51(97-37-1)39-5-7-41(75-73(39)85-109-87-75)53-17-27-63(99-53)65-29-19-55(101-65)43-9-11-45(79-77(43)89-111-91-79)57-21-31-67(103-57)69-33-23-59(105-69)47-13-15-49(83-81(47)93-113-95-83)61-25-35-71(107-61)72-36-26-62(108-72)50-16-14-48(82-84(50)96-114-94-82)60-24-34-70(106-60)68-32-22-58(104-68)46-12-10-44(78-80(46)92-112-90-78)56-20-30-66(102-56)64-28-18-54(100-64)42-8-6-40(52-4-2-38-98-52)74-76(42)88-110-86-74/h1-38H,HQBAADXQFKDKNF-UHFFFAOYSA-N,# td=(nstates=10) b3lyp/lanl2dz geom=connectivity
A-DAD_Hexamer/A-SSeS6uv.gjf,A,benzochalcogenadiazole,Hexamer,SSeS,C84H38N12S12Se6,C84H38N12S12Se6,152,True,True,True,True,,c1csc(-c2ccc(-c3ccc(-c4ccc(-c5ccc(-c6ccc(-c7ccc(-c8ccc(-c9ccc(-c%10ccc(-c%11ccc(-c%12ccc(-c%13ccc(-c%14ccc(-c%15ccc(-c%16ccc(-c%17ccc(-c%18cccs%18)c%18n[se]nc%17%18)s%16)s%15)c%15n[se]nc%14%15)s%13)s%12)c%12n[se]nc%11%12)s%10)s9)c9n[se]nc89)s7)s6)c6n[se]nc56)s4)s3)c3n[se]nc23)c1,InChI=1S/C84H38N12S12Se6/c1-3-51(97-37-1)39-5-7-41(75-73(39)85-109-87-75)53-17-27-63(99-53)65-29-19-55(101-65)43-9-11-45(79-77(43)89-111-91-79)57-21-31-67(103-57)69-33-23-59(105-69)47-13-15-49(83-81(47)93-113-95-83)61-25-35-71(107-61)72-36-26-62(108-72)50-16-14-48(82-84(50)96-114-94-82)60-24-34-70(106-60)68-32-22-58(104-68)46-12-10-44(78-80(46)92-112-90-78)56-20-30-66(102-56)64-28-18-54(100-64)42-8-6-40(52-4-2-38-98-52)74-76(42)88-110-86-74/h1-38H,WECRNEHOSRUVAA-UHFFFAOYSA-N,# td=(nstates=10) b3lyp/lanl2dz geom=connectivity
A-DAD_Hexamer/A-STeS6uv.gjf,A,benzochalcogenadiazole,Hexamer,STeS,C84H38N12S12Te6,C84H38N12S12Te6,152,True,True,True,True,,c1csc(-c2ccc(-c3ccc(-c4ccc(-c5ccc(-c6ccc(-c7ccc(-c8ccc(-c9ccc(-c%10ccc(-c%11ccc(-c%12ccc(-c%13ccc(-c%14ccc(-c%15ccc(-c%16ccc(-c%17ccc(-c%18cccs%18)c%18n[te]nc%17%18)s%16)s%15)c%15n[te]nc%14%15)s%13)s%12)c%12n[te]nc%11%12)s%10)s9)c9n[te]nc89)s7)s6)c6n[te]nc56)s4)s3)c3n[te]nc23)c1,InChI=1S/C84H38N12S12Te6/c1-3-51(97-37-1)39-5-7-41(75-73(39)85-109-87-75)53-17-27-63(99-53)65-29-19-55(101-65)43-9-11-45(79-77(43)89-111-91-79)57-21-31-67(103-57)69-33-23-59(105-69)47-13-15-49(83-81(47)93-113-95-83)61-25-35-71(107-61)72-36-26-62(108-72)50-16-14-48(82-84(50)96-114-94-82)60-24-34-70(106-60)68-32-22-58(104-68)46-12-10-44(78-80(46)92-112-90-78)56-20-30-66(102-56)64-28-18-54(100-64)42-8-6-40(52-4-2-38-98-52)74-76(42)88-110-86-74/h1-38H,BWWVIUDCDVVYMK-UHFFFAOYSA-N,"# td=(nstates=6,root=1) b3lyp/lanl2dz geom=connectivity"
A-DAD_Hexamer/A-SeOSe6uv.gjf,A,benzochalcogenadiazole,Hexamer,SeOSe,C84H38N12O6Se12,C84H38N12O6Se12,152,True,True,True,True,,c1c[se]c(-c2ccc(-c3ccc(-c4ccc(-c5ccc(-c6ccc(-c7ccc(-c8ccc(-c9ccc(-c%10ccc(-c%11ccc(-c%12ccc(-c%13ccc(-c%14ccc(-c%15ccc(-c%16ccc(-c%17ccc(-c%18ccc[se]%18)c%18nonc%17%18)[se]%16)[se]%15)c%15nonc%14%15)[se]%13)[se]%12)c%12nonc%11%12)[se]%10)[se]9)c9nonc89)[se]7)[se]6)c6nonc56)[se]4)[se]3)c3nonc23)c1,InChI=1S/C84H38N12O6Se12/c1-3-51(103-37-1)39-5-7-41(75-73(39)85-97-87-75)53-17-27-63(105-53)65-29-19-55(107-65)43-9-11-45(79-77(43)89-99-91-79)57-21-31-67(109-57)69-33-23-59(111-69)47-13-15-49(83-81(47)93-101-95-83)61-25-35-71(113-61)72-36-26-62(114-72)50-16-14-48(82-84(50)96-102-94-82)60-24-34-70(112-60)68-32-22-58(110-68)46-12-10-44(78-80(46)92-100-90-78)56-20-30-66(108-56)64-28-18-54(106-64)42-8-6-40(52-4-2-38-104-52)74-76(42)88-98-86-74/h1-38H,FNOFMLREMFJALK-UHFFFAOYSA-N,# td=(nstates=10) b3lyp/lanl2dz geom=connectivity
A-DAD_Hexamer/A-SeSSe6uv.gjf,A,benzochalcogenadiazole,Hexamer,SeSSe,C84H38N12S6Se12,C84H38N12S6Se12,152,True,True,True,True,,c1c[se]c(-c2ccc(-c3ccc(-c4ccc(-c5ccc(-c6ccc(-c7ccc(-c8ccc(-c9ccc(-c%10ccc(-c%11ccc(-c%12ccc(-c%13ccc(-c%14ccc(-c%15ccc(-c%16ccc(-c%17ccc(-c%18ccc[se]%18)c%18nsnc%17%18)[se]%16)[se]%15)c%15nsnc%14%15)[se]%13)[se]%12)c%12nsnc%11%12)[se]%10)[se]9)c9nsnc89)[se]7)[se]6)c6nsnc56)[se]4)[se]3)c3nsnc23)c1,InChI=1S/C84H38N12S6Se12/c1-3-51(103-37-1)39-5-7-41(75-73(39)85-97-87-75)53-17-27-63(105-53)65-29-19-55(107-65)43-9-11-45(79-77(43)89-99-91-79)57-21-31-67(109-57)69-33-23-59(111-69)47-13-15-49(83-81(47)93-101-95-83)61-25-35-71(113-61)72-36-26-62(114-72)50-16-14-48(82-84(50)96-102-94-82)60-24-34-70(112-60)68-32-22-58(110-68)46-12-10-44(78-80(46)92-100-90-78)56-20-30-66(108-56)64-28-18-54(106-64)42-8-6-40(52-4-2-38-104-52)74-76(42)88-98-86-74/h1-38H,VITUCWRODJBYIJ-UHFFFAOYSA-N,"# td=(nstates=6,root=1) b3lyp/lanl2dz geom=connectivity"
A-DAD_Hexamer/A-SeSeSe6uv.gjf,A,benzochalcogenadiazole,Hexamer,SeSeSe,C84H38N12Se18,C84H38N12Se18,152,True,True,True,True,,c1c[se]c(-c2ccc(-c3ccc(-c4ccc(-c5ccc(-c6ccc(-c7ccc(-c8ccc(-c9ccc(-c%10ccc(-c%11ccc(-c%12ccc(-c%13ccc(-c%14ccc(-c%15ccc(-c%16ccc(-c%17ccc(-c%18ccc[se]%18)c%18n[se]nc%17%18)[se]%16)[se]%15)c%15n[se]nc%14%15)[se]%13)[se]%12)c%12n[se]nc%11%12)[se]%10)[se]9)c9n[se]nc89)[se]7)[se]6)c6n[se]nc56)[se]4)[se]3)c3n[se]nc23)c1,InChI=1S/C84H38N12Se18/c1-3-51(97-37-1)39-5-7-41(75-73(39)85-109-87-75)53-17-27-63(99-53)65-29-19-55(101-65)43-9-11-45(79-77(43)89-111-91-79)57-21-31-67(103-57)69-33-23-59(105-69)47-13-15-49(83-81(47)93-113-95-83)61-25-35-71(107-61)72-36-26-62(108-72)50-16-14-48(82-84(50)96-114-94-82)60-24-34-70(106-60)68-32-22-58(104-68)46-12-10-44(78-80(46)92-112-90-78)56-20-30-66(102-56)64-28-18-54(100-64)42-8-6-40(52-4-2-38-98-52)74-76(42)88-110-86-74/h1-38H,YYEAJUSEMZQYRY-UHFFFAOYSA-N,# td=(nstates=10) b3lyp/lanl2dz geom=connectivity
A-DAD_Hexamer/A-SeTeSe6uv.gjf,A,benzochalcogenadiazole,Hexamer,SeTeSe,C84H38N12Se12Te6,C84H38N12Se12Te6,152,True,True,True,True,,c1c[se]c(-c2ccc(-c3ccc(-c4ccc(-c5ccc(-c6ccc(-c7ccc(-c8ccc(-c9ccc(-c%10ccc(-c%11ccc(-c%12ccc(-c%13ccc(-c%14ccc(-c%15ccc(-c%16ccc(-c%17ccc(-c%18ccc[se]%18)c%18n[te]nc%17%18)[se]%16)[se]%15)c%15n[te]nc%14%15)[se]%13)[se]%12)c%12n[te]nc%11%12)[se]%10)[se]9)c9n[te]nc89)[se]7)[se]6)c6n[te]nc56)[se]4)[se]3)c3n[te]nc23)c1,InChI=1S/C84H38N12Se12Te6/c1-3-51(97-37-1)39-5-7-41(75-73(39)85-109-87-75)53-17-27-63(99-53)65-29-19-55(101-65)43-9-11-45(79-77(43)89-111-91-79)57-21-31-67(103-57)69-33-23-59(105-69)47-13-15-49(83-81(47)93-113-95-83)61-25-35-71(107-61)72-36-26-62(108-72)50-16-14-48(82-84(50)96-114-94-82)60-24-34-70(106-60)68-32-22-58(104-68)46-12-10-44(78-80(46)92-112-90-78)56-20-30-66(102-56)64-28-18-54(100-64)42-8-6-40(52-4-2-38-98-52)74-76(42)88-110-86-74/h1-38H,CHNUPBIIPDOTFR-UHFFFAOYSA-N,# td=(nstates=10) b3lyp/lanl2dz geom=connectivity
A-DAD_Hexamer/A-TeOTe6uv.gjf,A,benzochalcogenadiazole,Hexamer,TeOTe,C84H38N12O6Te12,C84H38N12O6Te12,152,True,True,True,True,,c1c[te]c(-c2ccc(-c3ccc(-c4ccc(-c5ccc(-c6ccc(-c7ccc(-c8ccc(-c9ccc(-c%10ccc(-c%11ccc(-c%12ccc(-c%13ccc(-c%14ccc(-c%15ccc(-c%16ccc(-c%17ccc(-c%18ccc[te]%18)c%18nonc%17%18)[te]%16)[te]%15)c%15nonc%14%15)[te]%13)[te]%12)c%12nonc%11%12)[te]%10)[te]9)c9nonc89)[te]7)[te]6)c6nonc56)[te]4)[te]3)c3nonc23)c1,InChI=1S/C84H38N12O6Te12/c1-3-51(103-37-1)39-5-7-41(75-73(39)85-97-87-75)53-17-27-63(105-53)65-29-19-55(107-65)43-9-11-45(79-77(43)89-99-91-79)57-21-31-67(109-57)69-33-23-59(111-69)47-13-15-49(83-81(47)93-101-95-83)61-25-35-71(113-61)72-36-26-62(114-72)50-16-14-48(82-84(50)96-102-94-82)60-24-34-70(112-60)68-32-22-58(110-68)46-12-10-44(78-80(46)92-100-90-78)56-20-30-66(108-56)64-28-18-54(106-64)42-8-6-40(52-4-2-38-104-52)74-76(42)88-98-86-74/h1-38H,BKCBIEMLDMFYLZ-UHFFFAOYSA-N,# td=(nstates=10) b3lyp/lanl2dz geom=connectivity
A-DAD_Hexamer/A-TeSTe6uv.gjf,A,benzochalcogenadiazole,Hexamer,TeSTe,C84H38N12S6Te12,C84H38N12S6Te12,152,True,True,True,True,,c1c[te]c(-c2ccc(-c3ccc(-c4ccc(-c5ccc(-c6ccc(-c7ccc(-c8ccc(-c9ccc(-c%10ccc(-c%11ccc(-c%12ccc(-c%13ccc(-c%14ccc(-c%15ccc(-c%16ccc(-c%17ccc(-c%18ccc[te]%18)c%18nsnc%17%18)[te]%16)[te]%15)c%15nsnc%14%15)[te]%13)[te]%12)c%12nsnc%11%12)[te]%10)[te]9)c9nsnc89)[te]7)[te]6)c6nsnc56)[te]4)[te]3)c3nsnc23)c1,InChI=1S/C84H38N12S6Te12/c1-3-51(103-37-1)39-5-7-41(75-73(39)85-97-87-75)53-17-27-63(105-53)65-29-19-55(107-65)43-9-11-45(79-77(43)89-99-91-79)57-21-31-67(109-57)69-33-23-59(111-69)47-13-15-49(83-81(47)93-101-95-83)61-25-35-71(113-61)72-36-26-62(114-72)50-16-14-48(82-84(50)96-102-94-82)60-24-34-70(112-60)68-32-22-58(110-68)46-12-10-44(78-80(46)92-100-90-78)56-20-30-66(108-56)64-28-18-54(106-64)42-8-6-40(52-4-2-38-104-52)74-76(42)88-98-86-74/h1-38H,IMTOYKOVCPGKRM-UHFFFAOYSA-N,# td=(nstates=10) b3lyp/lanl2dz geom=connectivity
A-DAD_Hexamer/A-TeSeTe6uv.gjf,A,benzochalcogenadiazole,Hexamer,TeSeTe,C84H38N12Se6Te12,C84H38N12Se6Te12,152,True,True,True,True,,c1c[te]c(-c2ccc(-c3ccc(-c4ccc(-c5ccc(-c6ccc(-c7ccc(-c8ccc(-c9ccc(-c%10ccc(-c%11ccc(-c%12ccc(-c%13ccc(-c%14ccc(-c%15ccc(-c%16ccc(-c%17ccc(-c%18ccc[te]%18)c%18n[se]nc%17%18)[te]%16)[te]%15)c%15n[se]nc%14%15)[te]%13)[te]%12)c%12n[se]nc%11%12)[te]%10)[te]9)c9n[se]nc89)[te]7)[te]6)c6n[se]nc56)[te]4)[te]3)c3n[se]nc23)c1,InChI=1S/C84H38N12Se6Te12/c1-3-51(103-37-1)39-5-7-41(75-73(39)85-97-87-75)53-17-27-63(105-53)65-29-19-55(107-65)43-9-11-45(79-77(43)89-99-91-79)57-21-31-67(109-57)69-33-23-59(111-69)47-13-15-49(83-81(47)93-101-95-83)61-25-35-71(113-61)72-36-26-62(114-72)50-16-14-48(82-84(50)96-102-94-82)60-24-34-70(112-60)68-32-22-58(110-68)46-12-10-44(78-80(46)92-100-90-78)56-20-30-66(108-56)64-28-18-54(106-64)42-8-6-40(52-4-2-38-104-52)74-76(42)88-98-86-74/h1-38H,MIILDSQAOARACC-UHFFFAOYSA-N,# td=(nstates=10) b3lyp/lanl2dz geom=connectivity
A-DAD_Hexamer/A-TeTeTe6uv.gjf,A,benzochalcogenadiazole,Hexamer,TeTeTe,C84H38N12Te18,C84H38N12Te18,152,True,,True,True,,c1c[te]c(-c2ccc(-c3ccc(-c4ccc(-c5ccc(-c6ccc(-c7ccc(-c8ccc(-c9ccc(-c%10ccc(-c%11ccc(-c%12ccc(-c%13ccc(-c%14ccc(-c%15ccc(-c%16ccc(-c%17ccc(-c%18ccc[te]%18)c%18n[te]nc%17%18)[te]%16)[te]%15)c%15n[te]nc%14%15)[te]%13)[te]%12)c%12n[te]nc%11%12)[te]%10)[te]9)c9n[te]nc89)[te]7)[te]6)c6n[te]nc56)[te]4)[te]3)c3n[te]nc23)c1,InChI=1S/C84H38N12Te18/c1-3-51(97-37-1)39-5-7-41(75-73(39)85-109-87-75)53-17-27-63(99-53)65-29-19-55(101-65)43-9-11-45(79-77(43)89-111-91-79)57-21-31-67(103-57)69-33-23-59(105-69)47-13-15-49(83-81(47)93-113-95-83)61-25-35-71(107-61)72-36-26-62(108-72)50-16-14-48(82-84(50)96-114-94-82)60-24-34-70(106-60)68-32-22-58(104-68)46-12-10-44(78-80(46)92-112-90-78)56-20-30-66(102-56)64-28-18-54(100-64)42-8-6-40(52-4-2-38-98-52)74-76(42)88-110-86-74/h1-38H,VLDYKYZUVYHLLH-UHFFFAOYSA-N,# td=(nstates=10) b3lyp/lanl2dz
A-DAD_Monomer/AOOO1-b-uv.gjf,A,benzochalcogenadiazole,Monomer,OOO,C14H8N2O3,C14H8N2O3,27,True,,True,True,,c1coc(-c2ccc(-c3ccco3)c3nonc23)c1,InChI=1S/C14H8N2O3/c1-3-11(17-7-1)9-5-6-10(12-4-2-8-18-12)14-13(9)15-19-16-14/h1-8H,DTFAOJKINHJZBV-UHFFFAOYSA-N,# td=(nstates=10) b3lyp/lanl2dz
A-DAD_Monomer/AOSO1-uv.gjf,A,benzochalcogenadiazole,Monomer,OSO,C14H8N2O2S,C14H8N2O2S,27,True,,True,True,,c1coc(-c2ccc(-c3ccco3)c3nsnc23)c1,InChI=1S/C14H8N2O2S/c1-3-11(17-7-1)9-5-6-10(12-4-2-8-18-12)14-13(9)15-19-16-14/h1-8H,BJEBVQSFQBACNV-UHFFFAOYSA-N,# td=(nstates=10) b3lyp/lanl2dz
A-DAD_Monomer/AOSeO1-uv.gjf,A,benzochalcogenadiazole,Monomer,OSeO,C14H8N2O2Se,C14H8N2O2Se,27,True,True,True,False,implausible chalcogen bond lengths: Se-N 1.767,c1coc(-c2ccc(-c3ccco3)c3n[se]nc23)c1,InChI=1S/C14H8N2O2Se/c1-3-11(17-7-1)9-5-6-10(12-4-2-8-18-12)14-13(9)15-19-16-14/h1-8H,IJUUBCHDCMDDIG-UHFFFAOYSA-N,# td=(nstates=10) b3lyp/lanl2dz geom=connectivity
A-DAD_Monomer/AOTeO1-uv.gjf,A,benzochalcogenadiazole,Monomer,OTeO,C14H8N2O2Te,C14H8N2O2Te,27,False,True,True,False,implausible chalcogen bond lengths: Te-N 1.767 | identity from Gaussian connectivity block (distance perception differs),c1coc(-c2ccc(-c3ccco3)c3n[te]nc23)c1,InChI=1S/C14H8N2O2Te/c1-3-11(17-7-1)9-5-6-10(12-4-2-8-18-12)14-13(9)15-19-16-14/h1-8H,WNMVCRCFXHAUCA-UHFFFAOYSA-N,# td=(nstates=10) b3lyp/lanl2dz geom=connectivity
A-DAD_Monomer/ASOS1-uv.gjf,A,benzochalcogenadiazole,Monomer,SOS,C14H8N2OS2,C14H8N2OS2,27,True,True,True,False,implausible chalcogen bond lengths: O-N 1.767; S-C 1.399; S-C 1.413,c1csc(-c2ccc(-c3cccs3)c3nonc23)c1,InChI=1S/C14H8N2OS2/c1-3-11(18-7-1)9-5-6-10(12-4-2-8-19-12)14-13(9)15-17-16-14/h1-8H,WYJDLCCBMIGQDL-UHFFFAOYSA-N,# td=(nstates=10) b3lyp/lanl2dz geom=connectivity
A-DAD_Monomer/ASSS1-uv.gjf,A,benzochalcogenadiazole,Monomer,SSS,C14H8N2S3,C14H8N2S3,27,True,True,True,False,implausible chalcogen bond lengths: S-C 1.399; S-C 1.413,c1csc(-c2ccc(-c3cccs3)c3nsnc23)c1,InChI=1S/C14H8N2S3/c1-3-11(17-7-1)9-5-6-10(12-4-2-8-18-12)14-13(9)15-19-16-14/h1-8H,XGERJWSXTKVPSV-UHFFFAOYSA-N,# td=(nstates=10) b3lyp/lanl2dz geom=connectivity
A-DAD_Monomer/ASSeS1-uv.gjf,A,benzochalcogenadiazole,Monomer,SSeS,C14H8N2S2Se,C14H8N2S2Se,27,True,True,True,False,implausible chalcogen bond lengths: S-C 1.399; S-C 1.413; Se-N 1.767,c1csc(-c2ccc(-c3cccs3)c3n[se]nc23)c1,InChI=1S/C14H8N2S2Se/c1-3-11(17-7-1)9-5-6-10(12-4-2-8-18-12)14-13(9)15-19-16-14/h1-8H,FPCWDJTVMDFDNK-UHFFFAOYSA-N,# td=(nstates=10) b3lyp/lanl2dz geom=connectivity
A-DAD_Monomer/ASTeS1-uv.gjf,A,benzochalcogenadiazole,Monomer,STeS,C14H8N2S2Te,C14H8N2S2Te,27,False,True,True,False,implausible chalcogen bond lengths: S-C 1.399; S-C 1.413; Te-N 1.767 | identity from Gaussian connectivity block (distance perception differs),c1csc(-c2ccc(-c3cccs3)c3n[te]nc23)c1,InChI=1S/C14H8N2S2Te/c1-3-11(17-7-1)9-5-6-10(12-4-2-8-18-12)14-13(9)15-19-16-14/h1-8H,JAMXSRWSZKDDHM-UHFFFAOYSA-N,# td=(nstates=10) b3lyp/lanl2dz geom=connectivity
A-DAD_Monomer/ASeOSe1-uv.gjf,A,benzochalcogenadiazole,Monomer,SeOSe,C14H8N2OSe2,C14H8N2OSe2,27,False,True,True,False,implausible chalcogen bond lengths: O-N 1.767; Se-C 1.399; Se-C 1.413 | identity from Gaussian connectivity block (distance perception differs),c1c[se]c(-c2ccc(-c3ccc[se]3)c3nonc23)c1,InChI=1S/C14H8N2OSe2/c1-3-11(18-7-1)9-5-6-10(12-4-2-8-19-12)14-13(9)15-17-16-14/h1-8H,TXEHJUMNHLEQOO-UHFFFAOYSA-N,# td=(nstates=10) b3lyp/lanl2dz geom=connectivity
A-DAD_Monomer/ASeSSe1-uv.gjf,A,benzochalcogenadiazole,Monomer,SeSSe,C14H8N2SSe2,C14H8N2SSe2,27,True,,True,True,,c1c[se]c(-c2ccc(-c3ccc[se]3)c3nsnc23)c1,InChI=1S/C14H8N2SSe2/c1-3-11(18-7-1)9-5-6-10(12-4-2-8-19-12)14-13(9)15-17-16-14/h1-8H,WKDPDTIBNWGAIG-UHFFFAOYSA-N,# td=(nstates=10) b3lyp/lanl2dz
A-DAD_Monomer/ASeSeSe1-uv.gjf,A,benzochalcogenadiazole,Monomer,SeSeSe,C14H8N2Se3,C14H8N2Se3,27,True,True,True,False,implausible chalcogen bond lengths: Se-N 1.767,c1c[se]c(-c2ccc(-c3ccc[se]3)c3n[se]nc23)c1,InChI=1S/C14H8N2Se3/c1-3-11(17-7-1)9-5-6-10(12-4-2-8-18-12)14-13(9)15-19-16-14/h1-8H,LZSSGPIXPWISPF-UHFFFAOYSA-N,# td=(nstates=10) b3lyp/lanl2dz geom=connectivity
A-DAD_Monomer/ASeTeSe1-uv.gjf,A,benzochalcogenadiazole,Monomer,SeTeSe,C14H8N2Se2Te,C14H8N2Se2Te,27,False,True,True,False,implausible chalcogen bond lengths: Te-N 1.767 | identity from Gaussian connectivity block (distance perception differs),c1c[se]c(-c2ccc(-c3ccc[se]3)c3n[te]nc23)c1,InChI=1S/C14H8N2Se2Te/c1-3-11(17-7-1)9-5-6-10(12-4-2-8-18-12)14-13(9)15-19-16-14/h1-8H,BLNFLFAKUPTEAU-UHFFFAOYSA-N,# td=(nstates=10) b3lyp/lanl2dz geom=connectivity
A-DAD_Monomer/ATeOTe1-uv.gjf,A,benzochalcogenadiazole,Monomer,TeOTe,C14H8N2OTe2,C14H8N2OTe2,27,True,True,True,False,implausible chalcogen bond lengths: O-N 1.767; Te-C 1.903; Te-C 1.939,c1c[te]c(-c2ccc(-c3ccc[te]3)c3nonc23)c1,InChI=1S/C14H8N2OTe2/c1-3-11(18-7-1)9-5-6-10(12-4-2-8-19-12)14-13(9)15-17-16-14/h1-8H,PETJNSQRYWOHMF-UHFFFAOYSA-N,# td=(nstates=10) b3lyp/lanl2dz geom=connectivity
A-DAD_Monomer/ATeSTe1-uv.gjf,A,benzochalcogenadiazole,Monomer,TeSTe,C14H8N2STe2,C14H8N2STe2,27,True,True,True,False,implausible chalcogen bond lengths: Te-C 1.903; Te-C 1.939,c1c[te]c(-c2ccc(-c3ccc[te]3)c3nsnc23)c1,InChI=1S/C14H8N2STe2/c1-3-11(18-7-1)9-5-6-10(12-4-2-8-19-12)14-13(9)15-17-16-14/h1-8H,YZIWKZVXAJGDAV-UHFFFAOYSA-N,# td=(nstates=10) b3lyp/lanl2dz geom=connectivity
A-DAD_Monomer/ATeSeTe1-uv.gjf,A,benzochalcogenadiazole,Monomer,TeSeTe,C14H8N2SeTe2,C14H8N2SeTe2,27,True,True,True,False,implausible chalcogen bond lengths: Se-N 1.767; Te-C 1.903; Te-C 1.939,c1c[te]c(-c2ccc(-c3ccc[te]3)c3n[se]nc23)c1,InChI=1S/C14H8N2SeTe2/c1-3-11(18-7-1)9-5-6-10(12-4-2-8-19-12)14-13(9)15-17-16-14/h1-8H,FFRIQNUEAHCXOI-UHFFFAOYSA-N,# td=(nstates=10) b3lyp/lanl2dz geom=connectivity
A-DAD_Monomer/ATeTeTe1-uv.gjf,A,benzochalcogenadiazole,Monomer,TeTeTe,C14H8N2Te3,C14H8N2Te3,27,False,True,True,False,implausible chalcogen bond lengths: Te-C 1.903; Te-C 1.939; Te-N 1.767 | identity from Gaussian connectivity block (distance perception differs),c1c[te]c(-c2ccc(-c3ccc[te]3)c3n[te]nc23)c1,InChI=1S/C14H8N2Te3/c1-3-11(17-7-1)9-5-6-10(12-4-2-8-18-12)14-13(9)15-19-16-14/h1-8H,FUOULGMASHGELG-UHFFFAOYSA-N,# td=(nstates=10) b3lyp/lanl2dz geom=connectivity
C-DAD_Hexamer/C-OOO6-UV.gjf,C,chalcogendiazoloquinoxaline,Hexamer,OOO,C96H38N24O18,C96H38N24O18,176,True,True,True,True,,c1coc(-c2c3nccnc3c(-c3ccc(-c4ccc(-c5c6nccnc6c(-c6ccc(-c7ccc(-c8c9nccnc9c(-c9ccc(-c%10ccc(-c%11c%12nccnc%12c(-c%12ccc(-c%13ccc(-c%14c%15nccnc%15c(-c%15ccc(-c%16ccc(-c%17c%18nccnc%18c(-c%18ccco%18)c%18nonc%17%18)o%16)o%15)c%15nonc%14%15)o%13)o%12)c%12nonc%11%12)o%10)o9)c9nonc89)o7)o6)c6nonc56)o4)o3)c3nonc23)c1,InChI=1S/C96H38N24O18/c1-3-49(121-37-1)61-73-75(99-27-25-97-73)63(87-85(61)109-133-111-87)51-15-5-39(123-51)41-7-17-53(125-41)65-77-79(103-31-29-101-77)67(91-89(65)113-135-115-91)55-19-9-43(127-55)45-11-21-57(129-45)69-81-83(107-35-33-105-81)71(95-93(69)117-137-119-95)59-23-13-47(131-59)48-14-24-60(132-48)72-84-82(106-34-36-108-84)70(94-96(72)120-138-118-94)58-22-12-46(130-58)44-10-20-56(128-44)68-80-78(102-30-32-104-80)66(90-92(68)116-136-114-90)54-18-8-42(126-54)40-6-16-52(124-40)64-76-74(98-26-28-100-76)62(50-4-2-38-122-50)86-88(64)112-134-110-86/h1-38H,IJMTVGQWUWZLRV-UHFFFAOYSA-N,# td=(nstates=10) b3lyp/lanl2dz geom=connectivity
C-DAD_Hexamer/C-OSO6-UV.gjf,C,chalcogendiazoloquinoxaline,Hexamer,OSO,C96H38N24O12S6,C96H38N24O12S6,176,True,True,True,True,,c1coc(-c2c3nccnc3c(-c3ccc(-c4ccc(-c5c6nccnc6c(-c6ccc(-c7ccc(-c8c9nccnc9c(-c9ccc(-c%10ccc(-c%11c%12nccnc%12c(-c%12ccc(-c%13ccc(-c%14c%15nccnc%15c(-c%15ccc(-c%16ccc(-c%17c%18nccnc%18c(-c%18ccco%18)c%18nsnc%17%18)o%16)o%15)c%15nsnc%14%15)o%13)o%12)c%12nsnc%11%12)o%10)o9)c9nsnc89)o7)o6)c6nsnc56)o4)o3)c3nsnc23)c1,InChI=1S/C96H38N24O12S6/c1-3-49(121-37-1)61-73-75(99-27-25-97-73)63(87-85(61)109-133-111-87)51-15-5-39(123-51)41-7-17-53(125-41)65-77-79(103-31-29-101-77)67(91-89(65)113-135-115-91)55-19-9-43(127-55)45-11-21-57(129-45)69-81-83(107-35-33-105-81)71(95-93(69)117-137-119-95)59-23-13-47(131-59)48-14-24-60(132-48)72-84-82(106-34-36-108-84)70(94-96(72)120-138-118-94)58-22-12-46(130-58)44-10-20-56(128-44)68-80-78(102-30-32-104-80)66(90-92(68)116-136-114-90)54-18-8-42(126-54)40-6-16-52(124-40)64-76-74(98-26-28-100-76)62(50-4-2-38-122-50)86-88(64)112-134-110-86/h1-38H,ZNKQIWRHCALLDN-UHFFFAOYSA-N,# td=(nstates=10) b3lyp/lanl2dz geom=connectivity
C-DAD_Hexamer/C-OSeO6-UV.gjf,C,chalcogendiazoloquinoxaline,Hexamer,OSeO,C96H38N24O12Se6,C96H38N24O12Se6,176,True,True,True,True,,c1coc(-c2c3nccnc3c(-c3ccc(-c4ccc(-c5c6nccnc6c(-c6ccc(-c7ccc(-c8c9nccnc9c(-c9ccc(-c%10ccc(-c%11c%12nccnc%12c(-c%12ccc(-c%13ccc(-c%14c%15nccnc%15c(-c%15ccc(-c%16ccc(-c%17c%18nccnc%18c(-c%18ccco%18)c%18n[se]nc%17%18)o%16)o%15)c%15n[se]nc%14%15)o%13)o%12)c%12n[se]nc%11%12)o%10)o9)c9n[se]nc89)o7)o6)c6n[se]nc56)o4)o3)c3n[se]nc23)c1,InChI=1S/C96H38N24O12Se6/c1-3-49(121-37-1)61-73-75(99-27-25-97-73)63(87-85(61)109-133-111-87)51-15-5-39(123-51)41-7-17-53(125-41)65-77-79(103-31-29-101-77)67(91-89(65)113-135-115-91)55-19-9-43(127-55)45-11-21-57(129-45)69-81-83(107-35-33-105-81)71(95-93(69)117-137-119-95)59-23-13-47(131-59)48-14-24-60(132-48)72-84-82(106-34-36-108-84)70(94-96(72)120-138-118-94)58-22-12-46(130-58)44-10-20-56(128-44)68-80-78(102-30-32-104-80)66(90-92(68)116-136-114-90)54-18-8-42(126-54)40-6-16-52(124-40)64-76-74(98-26-28-100-76)62(50-4-2-38-122-50)86-88(64)112-134-110-86/h1-38H,ZUHYUJVLXIDYSG-UHFFFAOYSA-N,# td=(nstates=10) b3lyp/lanl2dz geom=connectivity
C-DAD_Hexamer/C-OTeO6-UV.gjf,C,chalcogendiazoloquinoxaline,Hexamer,OTeO,C96H38N24O12Te6,C96H38N24O12Te6,176,True,True,True,True,,c1coc(-c2c3nccnc3c(-c3ccc(-c4ccc(-c5c6nccnc6c(-c6ccc(-c7ccc(-c8c9nccnc9c(-c9ccc(-c%10ccc(-c%11c%12nccnc%12c(-c%12ccc(-c%13ccc(-c%14c%15nccnc%15c(-c%15ccc(-c%16ccc(-c%17c%18nccnc%18c(-c%18ccco%18)c%18n[te]nc%17%18)o%16)o%15)c%15n[te]nc%14%15)o%13)o%12)c%12n[te]nc%11%12)o%10)o9)c9n[te]nc89)o7)o6)c6n[te]nc56)o4)o3)c3n[te]nc23)c1,InChI=1S/C96H38N24O12Te6/c1-3-49(121-37-1)61-73-75(99-27-25-97-73)63(87-85(61)109-133-111-87)51-15-5-39(123-51)41-7-17-53(125-41)65-77-79(103-31-29-101-77)67(91-89(65)113-135-115-91)55-19-9-43(127-55)45-11-21-57(129-45)69-81-83(107-35-33-105-81)71(95-93(69)117-137-119-95)59-23-13-47(131-59)48-14-24-60(132-48)72-84-82(106-34-36-108-84)70(94-96(72)120-138-118-94)58-22-12-46(130-58)44-10-20-56(128-44)68-80-78(102-30-32-104-80)66(90-92(68)116-136-114-90)54-18-8-42(126-54)40-6-16-52(124-40)64-76-74(98-26-28-100-76)62(50-4-2-38-122-50)86-88(64)112-134-110-86/h1-38H,RHEVUNCXPQAMRA-UHFFFAOYSA-N,# td=(nstates=10) b3lyp/lanl2dz geom=connectivity
C-DAD_Hexamer/C-SOS6-UV.gjf,C,chalcogendiazoloquinoxaline,Hexamer,SOS,C96H38N24O6S12,C96H38N24O6S12,176,True,True,True,True,,c1csc(-c2c3nccnc3c(-c3ccc(-c4ccc(-c5c6nccnc6c(-c6ccc(-c7ccc(-c8c9nccnc9c(-c9ccc(-c%10ccc(-c%11c%12nccnc%12c(-c%12ccc(-c%13ccc(-c%14c%15nccnc%15c(-c%15ccc(-c%16ccc(-c%17c%18nccnc%18c(-c%18cccs%18)c%18nonc%17%18)s%16)s%15)c%15nonc%14%15)s%13)s%12)c%12nonc%11%12)s%10)s9)c9nonc89)s7)s6)c6nonc56)s4)s3)c3nonc23)c1,InChI=1S/C96H38N24O6S12/c1-3-49(127-37-1)61-73-75(99-27-25-97-73)63(87-85(61)109-121-111-87)51-15-5-39(129-51)41-7-17-53(131-41)65-77-79(103-31-29-101-77)67(91-89(65)113-123-115-91)55-19-9-43(133-55)45-11-21-57(135-45)69-81-83(107-35-33-105-81)71(95-93(69)117-125-119-95)59-23-13-47(137-59)48-14-24-60(138-48)72-84-82(106-34-36-108-84)70(94-96(72)120-126-118-94)58-22-12-46(136-58)44-10-20-56(134-44)68-80-78(102-30-32-104-80)66(90-92(68)116-124-114-90)54-18-8-42(132-54)40-6-16-52(130-40)64-76-74(98-26-28-100-76)62(50-4-2-38-128-50)86-88(64)112-122-110-86/h1-38H,WROOESBSJFHGNP-UHFFFAOYSA-N,# td=(nstates=10) b3lyp/lanl2dz geom=connectivity
C-DAD_Hexamer/C-SSS6-UV.gjf,C,chalcogendiazoloquinoxaline,Hexamer,SSS,C96H38N24S18,C96H38N24S18,176,True,True,True,True,,c1csc(-c2c3nccnc3c(-c3ccc(-c4ccc(-c5c6nccnc6c(-c6ccc(-c7ccc(-c8c9nccnc9c(-c9ccc(-c%10ccc(-c%11c%12nccnc%12c(-c%12ccc(-c%13ccc(-c%14c%15nccnc%15c(-c%15ccc(-c%16ccc(-c%17c%18nccnc%18c(-c%18cccs%18)c%18nsnc%17%18)s%16)s%15)c%15nsnc%14%15)s%13)s%12)c%12nsnc%11%12)s%10)s9)c9nsnc89)s7)s6)c6nsnc56)s4)s3)c3nsnc23)c1,InChI=1S/C96H38N24S18/c1-3-49(121-37-1)61-73-75(99-27-25-97-73)63(87-85(61)109-133-111-87)51-15-5-39(123-51)41-7-17-53(125-41)65-77-79(103-31-29-101-77)67(91-89(65)113-135-115-91)55-19-9-43(127-55)45-11-21-57(129-45)69-81-83(107-35-33-105-81)71(95-93(69)117-137-119-95)59-23-13-47(131-59)48-14-24-60(132-48)72-84-82(106-34-36-108-84)70(94-96(72)120-138-118-94)58-22-12-46(130-58)44-10-20-56(128-44)68-80-78(102-30-32-104-80)66(90-92(68)116-136-114-90)54-18-8-42(126-54)40-6-16-52(124-40)64-76-74(98-26-28-100-76)62(50-4-2-38-122-50)86-88(64)112-134-110-86/h1-38H,YMIIPCDZWQQJFB-UHFFFAOYSA-N,# td=(nstates=10) b3lyp/lanl2dz geom=connectivity
C-DAD_Hexamer/C-SSeS6-UV.gjf,C,chalcogendiazoloquinoxaline,Hexamer,SSeS,C96H38N24S12Se6,C96H38N24S12Se6,176,True,True,True,True,,c1csc(-c2c3nccnc3c(-c3ccc(-c4ccc(-c5c6nccnc6c(-c6ccc(-c7ccc(-c8c9nccnc9c(-c9ccc(-c%10ccc(-c%11c%12nccnc%12c(-c%12ccc(-c%13ccc(-c%14c%15nccnc%15c(-c%15ccc(-c%16ccc(-c%17c%18nccnc%18c(-c%18cccs%18)c%18n[se]nc%17%18)s%16)s%15)c%15n[se]nc%14%15)s%13)s%12)c%12n[se]nc%11%12)s%10)s9)c9n[se]nc89)s7)s6)c6n[se]nc56)s4)s3)c3n[se]nc23)c1,InChI=1S/C96H38N24S12Se6/c1-3-49(121-37-1)61-73-75(99-27-25-97-73)63(87-85(61)109-133-111-87)51-15-5-39(123-51)41-7-17-53(125-41)65-77-79(103-31-29-101-77)67(91-89(65)113-135-115-91)55-19-9-43(127-55)45-11-21-57(129-45)69-81-83(107-35-33-105-81)71(95-93(69)117-137-119-95)59-23-13-47(131-59)48-14-24-60(132-48)72-84-82(106-34-36-108-84)70(94-96(72)120-138-118-94)58-22-12-46(130-58)44-10-20-56(128-44)68-80-78(102-30-32-104-80)66(90-92(68)116-136-114-90)54-18-8-42(126-54)40-6-16-52(124-40)64-76-74(98-26-28-100-76)62(50-4-2-38-122-50)86-88(64)112-134-110-86/h1-38H,FWCXCONAOMJXNL-UHFFFAOYSA-N,# td=(nstates=10) b3lyp/lanl2dz geom=connectivity
C-DAD_Hexamer/C-STeS6-UV.gjf,C,chalcogendiazoloquinoxaline,Hexamer,STeS,C96H38N24S12Te6,C96H38N24S12Te6,176,True,True,True,True,,c1csc(-c2c3nccnc3c(-c3ccc(-c4ccc(-c5c6nccnc6c(-c6ccc(-c7ccc(-c8c9nccnc9c(-c9ccc(-c%10ccc(-c%11c%12nccnc%12c(-c%12ccc(-c%13ccc(-c%14c%15nccnc%15c(-c%15ccc(-c%16ccc(-c%17c%18nccnc%18c(-c%18cccs%18)c%18n[te]nc%17%18)s%16)s%15)c%15n[te]nc%14%15)s%13)s%12)c%12n[te]nc%11%12)s%10)s9)c9n[te]nc89)s7)s6)c6n[te]nc56)s4)s3)c3n[te]nc23)c1,InChI=1S/C96H38N24S12Te6/c1-3-49(121-37-1)61-73-75(99-27-25-97-73)63(87-85(61)109-133-111-87)51-15-5-39(123-51)41-7-17-53(125-41)65-77-79(103-31-29-101-77)67(91-89(65)113-135-115-91)55-19-9-43(127-55)45-11-21-57(129-45)69-81-83(107-35-33-105-81)71(95-93(69)117-137-119-95)59-23-13-47(131-59)48-14-24-60(132-48)72-84-82(106-34-36-108-84)70(94-96(72)120-138-118-94)58-22-12-46(130-58)44-10-20-56(128-44)68-80-78(102-30-32-104-80)66(90-92(68)116-136-114-90)54-18-8-42(126-54)40-6-16-52(124-40)64-76-74(98-26-28-100-76)62(50-4-2-38-122-50)86-88(64)112-134-110-86/h1-38H,PBUMCEPSQNAJKM-UHFFFAOYSA-N,# td=(nstates=10) b3lyp/lanl2dz geom=connectivity
C-DAD_Hexamer/C-SeOSe6-UV.gjf,C,chalcogendiazoloquinoxaline,Hexamer,SeOSe,C96H38N24O6Se12,C96H38N24O6Se12,176,True,True,True,True,,c1c[se]c(-c2c3nccnc3c(-c3ccc(-c4ccc(-c5c6nccnc6c(-c6ccc(-c7ccc(-c8c9nccnc9c(-c9ccc(-c%10ccc(-c%11c%12nccnc%12c(-c%12ccc(-c%13ccc(-c%14c%15nccnc%15c(-c%15ccc(-c%16ccc(-c%17c%18nccnc%18c(-c%18ccc[se]%18)c%18nonc%17%18)[se]%16)[se]%15)c%15nonc%14%15)[se]%13)[se]%12)c%12nonc%11%12)[se]%10)[se]9)c9nonc89)[se]7)[se]6)c6nonc56)[se]4)[se]3)c3nonc23)c1,InChI=1S/C96H38N24O6Se12/c1-3-49(127-37-1)61-73-75(99-27-25-97-73)63(87-85(61)109-121-111-87)51-15-5-39(129-51)41-7-17-53(131-41)65-77-79(103-31-29-101-77)67(91-89(65)113-123-115-91)55-19-9-43(133-55)45-11-21-57(135-45)69-81-83(107-35-33-105-81)71(95-93(69)117-125-119-95)59-23-13-47(137-59)48-14-24-60(138-48)72-84-82(106-34-36-108-84)70(94-96(72)120-126-118-94)58-22-12-46(136-58)44-10-20-56(134-44)68-80-78(102-30-32-104-80)66(90-92(68)116-124-114-90)54-18-8-42(132-54)40-6-16-52(130-40)64-76-74(98-26-28-100-76)62(50-4-2-38-128-50)86-88(64)112-122-110-86/h1-38H,RHWTYJHBSRCCET-UHFFFAOYSA-N,# td=(nstates=10) b3lyp/lanl2dz geom=connectivity
C-DAD_Hexamer/C-SeSSe6-UV.gjf,C,chalcogendiazoloquinoxaline,Hexamer,SeSSe,C96H38N24S6Se12,C96H38N24S6Se12,176,True,True,True,True,,c1c[se]c(-c2c3nccnc3c(-c3ccc(-c4ccc(-c5c6nccnc6c(-c6ccc(-c7ccc(-c8c9nccnc9c(-c9ccc(-c%10ccc(-c%11c%12nccnc%12c(-c%12ccc(-c%13ccc(-c%14c%15nccnc%15c(-c%15ccc(-c%16ccc(-c%17c%18nccnc%18c(-c%18ccc[se]%18)c%18nsnc%17%18)[se]%16)[se]%15)c%15nsnc%14%15)[se]%13)[se]%12)c%12nsnc%11%12)[se]%10)[se]9)c9nsnc89)[se]7)[se]6)c6nsnc56)[se]4)[se]3)c3nsnc23)c1,InChI=1S/C96H38N24S6Se12/c1-3-49(127-37-1)61-73-75(99-27-25-97-73)63(87-85(61)109-121-111-87)51-15-5-39(129-51)41-7-17-53(131-41)65-77-79(103-31-29-101-77)67(91-89(65)113-123-115-91)55-19-9-43(133-55)45-11-21-57(135-45)69-81-83(107-35-33-105-81)71(95-93(69)117-125-119-95)59-23-13-47(137-59)48-14-24-60(138-48)72-84-82(106-34-36-108-84)70(94-96(72)120-126-118-94)58-22-12-46(136-58)44-10-20-56(134-44)68-80-78(102-30-32-104-80)66(90-92(68)116-124-114-90)54-18-8-42(132-54)40-6-16-52(130-40)64-76-74(98-26-28-100-76)62(50-4-2-38-128-50)86-88(64)112-122-110-86/h1-38H,CFTZRLVMROSDLQ-UHFFFAOYSA-N,# td=(nstates=10) b3lyp/lanl2dz geom=connectivity
C-DAD_Hexamer/C-SeSeSe6-UV.gjf,C,chalcogendiazoloquinoxaline,Hexamer,SeSeSe,C96H38N24Se18,C96H38N24Se18,176,True,True,True,True,,c1c[se]c(-c2c3nccnc3c(-c3ccc(-c4ccc(-c5c6nccnc6c(-c6ccc(-c7ccc(-c8c9nccnc9c(-c9ccc(-c%10ccc(-c%11c%12nccnc%12c(-c%12ccc(-c%13ccc(-c%14c%15nccnc%15c(-c%15ccc(-c%16ccc(-c%17c%18nccnc%18c(-c%18ccc[se]%18)c%18n[se]nc%17%18)[se]%16)[se]%15)c%15n[se]nc%14%15)[se]%13)[se]%12)c%12n[se]nc%11%12)[se]%10)[se]9)c9n[se]nc89)[se]7)[se]6)c6n[se]nc56)[se]4)[se]3)c3n[se]nc23)c1,InChI=1S/C96H38N24Se18/c1-3-49(121-37-1)61-73-75(99-27-25-97-73)63(87-85(61)109-133-111-87)51-15-5-39(123-51)41-7-17-53(125-41)65-77-79(103-31-29-101-77)67(91-89(65)113-135-115-91)55-19-9-43(127-55)45-11-21-57(129-45)69-81-83(107-35-33-105-81)71(95-93(69)117-137-119-95)59-23-13-47(131-59)48-14-24-60(132-48)72-84-82(106-34-36-108-84)70(94-96(72)120-138-118-94)58-22-12-46(130-58)44-10-20-56(128-44)68-80-78(102-30-32-104-80)66(90-92(68)116-136-114-90)54-18-8-42(126-54)40-6-16-52(124-40)64-76-74(98-26-28-100-76)62(50-4-2-38-122-50)86-88(64)112-134-110-86/h1-38H,SGKTVNBCANOSMH-UHFFFAOYSA-N,# td=(nstates=10) b3lyp/lanl2dz geom=connectivity
C-DAD_Hexamer/C-SeTeSe6-UV.gjf,C,chalcogendiazoloquinoxaline,Hexamer,SeTeSe,C96H38N24Se12Te6,C96H38N24Se12Te6,176,True,True,True,True,,c1c[se]c(-c2c3nccnc3c(-c3ccc(-c4ccc(-c5c6nccnc6c(-c6ccc(-c7ccc(-c8c9nccnc9c(-c9ccc(-c%10ccc(-c%11c%12nccnc%12c(-c%12ccc(-c%13ccc(-c%14c%15nccnc%15c(-c%15ccc(-c%16ccc(-c%17c%18nccnc%18c(-c%18ccc[se]%18)c%18n[te]nc%17%18)[se]%16)[se]%15)c%15n[te]nc%14%15)[se]%13)[se]%12)c%12n[te]nc%11%12)[se]%10)[se]9)c9n[te]nc89)[se]7)[se]6)c6n[te]nc56)[se]4)[se]3)c3n[te]nc23)c1,InChI=1S/C96H38N24Se12Te6/c1-3-49(121-37-1)61-73-75(99-27-25-97-73)63(87-85(61)109-133-111-87)51-15-5-39(123-51)41-7-17-53(125-41)65-77-79(103-31-29-101-77)67(91-89(65)113-135-115-91)55-19-9-43(127-55)45-11-21-57(129-45)69-81-83(107-35-33-105-81)71(95-93(69)117-137-119-95)59-23-13-47(131-59)48-14-24-60(132-48)72-84-82(106-34-36-108-84)70(94-96(72)120-138-118-94)58-22-12-46(130-58)44-10-20-56(128-44)68-80-78(102-30-32-104-80)66(90-92(68)116-136-114-90)54-18-8-42(126-54)40-6-16-52(124-40)64-76-74(98-26-28-100-76)62(50-4-2-38-122-50)86-88(64)112-134-110-86/h1-38H,GEQPXGNBFMEQBA-UHFFFAOYSA-N,# td=(nstates=10) b3lyp/lanl2dz geom=connectivity
C-DAD_Hexamer/C-TeOTe6-UV.gjf,C,chalcogendiazoloquinoxaline,Hexamer,TeOTe,C96H38N24O6Te12,C96H38N24O6Te12,176,True,True,True,True,,c1c[te]c(-c2c3nccnc3c(-c3ccc(-c4ccc(-c5c6nccnc6c(-c6ccc(-c7ccc(-c8c9nccnc9c(-c9ccc(-c%10ccc(-c%11c%12nccnc%12c(-c%12ccc(-c%13ccc(-c%14c%15nccnc%15c(-c%15ccc(-c%16ccc(-c%17c%18nccnc%18c(-c%18ccc[te]%18)c%18nonc%17%18)[te]%16)[te]%15)c%15nonc%14%15)[te]%13)[te]%12)c%12nonc%11%12)[te]%10)[te]9)c9nonc89)[te]7)[te]6)c6nonc56)[te]4)[te]3)c3nonc23)c1,InChI=1S/C96H38N24O6Te12/c1-3-49(127-37-1)61-73-75(99-27-25-97-73)63(87-85(61)109-121-111-87)51-15-5-39(129-51)41-7-17-53(131-41)65-77-79(103-31-29-101-77)67(91-89(65)113-123-115-91)55-19-9-43(133-55)45-11-21-57(135-45)69-81-83(107-35-33-105-81)71(95-93(69)117-125-119-95)59-23-13-47(137-59)48-14-24-60(138-48)72-84-82(106-34-36-108-84)70(94-96(72)120-126-118-94)58-22-12-46(136-58)44-10-20-56(134-44)68-80-78(102-30-32-104-80)66(90-92(68)116-124-114-90)54-18-8-42(132-54)40-6-16-52(130-40)64-76-74(98-26-28-100-76)62(50-4-2-38-128-50)86-88(64)112-122-110-86/h1-38H,GEHMVKHEAFBLCQ-UHFFFAOYSA-N,# td=(nstates=10) b3lyp/lanl2dz geom=connectivity
C-DAD_Hexamer/C-TeSTe6-UV.gjf,C,chalcogendiazoloquinoxaline,Hexamer,TeSTe,C96H38N24S6Te12,C96H38N24S6Te12,176,True,True,True,True,,c1c[te]c(-c2c3nccnc3c(-c3ccc(-c4ccc(-c5c6nccnc6c(-c6ccc(-c7ccc(-c8c9nccnc9c(-c9ccc(-c%10ccc(-c%11c%12nccnc%12c(-c%12ccc(-c%13ccc(-c%14c%15nccnc%15c(-c%15ccc(-c%16ccc(-c%17c%18nccnc%18c(-c%18ccc[te]%18)c%18nsnc%17%18)[te]%16)[te]%15)c%15nsnc%14%15)[te]%13)[te]%12)c%12nsnc%11%12)[te]%10)[te]9)c9nsnc89)[te]7)[te]6)c6nsnc56)[te]4)[te]3)c3nsnc23)c1,InChI=1S/C96H38N24S6Te12/c1-3-49(127-37-1)61-73-75(99-27-25-97-73)63(87-85(61)109-121-111-87)51-15-5-39(129-51)41-7-17-53(131-41)65-77-79(103-31-29-101-77)67(91-89(65)113-123-115-91)55-19-9-43(133-55)45-11-21-57(135-45)69-81-83(107-35-33-105-81)71(95-93(69)117-125-119-95)59-23-13-47(137-59)48-14-24-60(138-48)72-84-82(106-34-36-108-84)70(94-96(72)120-126-118-94)58-22-12-46(136-58)44-10-20-56(134-44)68-80-78(102-30-32-104-80)66(90-92(68)116-124-114-90)54-18-8-42(132-54)40-6-16-52(130-40)64-76-74(98-26-28-100-76)62(50-4-2-38-128-50)86-88(64)112-122-110-86/h1-38H,WHWJGPLANJTBER-UHFFFAOYSA-N,# td=(nstates=10) b3lyp/lanl2dz geom=connectivity
C-DAD_Hexamer/C-TeSeTe6-UV.gjf,C,chalcogendiazoloquinoxaline,Hexamer,TeSeTe,C96H38N24Se6Te12,C96H38N24Se6Te12,176,True,True,True,True,,c1c[te]c(-c2c3nccnc3c(-c3ccc(-c4ccc(-c5c6nccnc6c(-c6ccc(-c7ccc(-c8c9nccnc9c(-c9ccc(-c%10ccc(-c%11c%12nccnc%12c(-c%12ccc(-c%13ccc(-c%14c%15nccnc%15c(-c%15ccc(-c%16ccc(-c%17c%18nccnc%18c(-c%18ccc[te]%18)c%18n[se]nc%17%18)[te]%16)[te]%15)c%15n[se]nc%14%15)[te]%13)[te]%12)c%12n[se]nc%11%12)[te]%10)[te]9)c9n[se]nc89)[te]7)[te]6)c6n[se]nc56)[te]4)[te]3)c3n[se]nc23)c1,InChI=1S/C96H38N24Se6Te12/c1-3-49(127-37-1)61-73-75(99-27-25-97-73)63(87-85(61)109-121-111-87)51-15-5-39(129-51)41-7-17-53(131-41)65-77-79(103-31-29-101-77)67(91-89(65)113-123-115-91)55-19-9-43(133-55)45-11-21-57(135-45)69-81-83(107-35-33-105-81)71(95-93(69)117-125-119-95)59-23-13-47(137-59)48-14-24-60(138-48)72-84-82(106-34-36-108-84)70(94-96(72)120-126-118-94)58-22-12-46(136-58)44-10-20-56(134-44)68-80-78(102-30-32-104-80)66(90-92(68)116-124-114-90)54-18-8-42(132-54)40-6-16-52(130-40)64-76-74(98-26-28-100-76)62(50-4-2-38-128-50)86-88(64)112-122-110-86/h1-38H,YXUOQAHBWDFGNG-UHFFFAOYSA-N,"# td=(nstates=10) b3lyp/lanl2dz geom=connectivity scf=(yqc,maxcyc=2048)"
C-DAD_Hexamer/C-TeTeTe6-UV.gjf,C,chalcogendiazoloquinoxaline,Hexamer,TeTeTe,C96H38N24Te18,C96H38N24Te18,176,True,True,True,True,,c1c[te]c(-c2c3nccnc3c(-c3ccc(-c4ccc(-c5c6nccnc6c(-c6ccc(-c7ccc(-c8c9nccnc9c(-c9ccc(-c%10ccc(-c%11c%12nccnc%12c(-c%12ccc(-c%13ccc(-c%14c%15nccnc%15c(-c%15ccc(-c%16ccc(-c%17c%18nccnc%18c(-c%18ccc[te]%18)c%18n[te]nc%17%18)[te]%16)[te]%15)c%15n[te]nc%14%15)[te]%13)[te]%12)c%12n[te]nc%11%12)[te]%10)[te]9)c9n[te]nc89)[te]7)[te]6)c6n[te]nc56)[te]4)[te]3)c3n[te]nc23)c1,InChI=1S/C96H38N24Te18/c1-3-49(121-37-1)61-73-75(99-27-25-97-73)63(87-85(61)109-133-111-87)51-15-5-39(123-51)41-7-17-53(125-41)65-77-79(103-31-29-101-77)67(91-89(65)113-135-115-91)55-19-9-43(127-55)45-11-21-57(129-45)69-81-83(107-35-33-105-81)71(95-93(69)117-137-119-95)59-23-13-47(131-59)48-14-24-60(132-48)72-84-82(106-34-36-108-84)70(94-96(72)120-138-118-94)58-22-12-46(130-58)44-10-20-56(128-44)68-80-78(102-30-32-104-80)66(90-92(68)116-136-114-90)54-18-8-42(126-54)40-6-16-52(124-40)64-76-74(98-26-28-100-76)62(50-4-2-38-122-50)86-88(64)112-134-110-86/h1-38H,RPXRFUOOBVVNRE-UHFFFAOYSA-N,"# td=(nstates=10) b3lyp/lanl2dz geom=connectivity scf=(yqc,maxcyc=2048)"
C-DAD_Monomer/C-OOO1c-UV.gjf,C,chalcogendiazoloquinoxaline,Monomer,OOO,C16H8N4O3,C16H8N4O3,31,True,True,True,True,,c1coc(-c2c3nccnc3c(-c3ccco3)c3nonc23)c1,InChI=1S/C16H8N4O3/c1-3-9(21-7-1)11-13-14(18-6-5-17-13)12(10-4-2-8-22-10)16-15(11)19-23-20-16/h1-8H,PMETURAFPUPOJB-UHFFFAOYSA-N,# td=(nstates=10) b3lyp/lanl2dz geom=connectivity
C-DAD_Monomer/C-OSO1b-UV.gjf,C,chalcogendiazoloquinoxaline,Monomer,OSO,C16H8N4O2S,C16H8N4O2S,31,True,True,True,True,,c1coc(-c2c3nccnc3c(-c3ccco3)c3nsnc23)c1,InChI=1S/C16H8N4O2S/c1-3-9(21-7-1)11-13-14(18-6-5-17-13)12(10-4-2-8-22-10)16-15(11)19-23-20-16/h1-8H,BUSUYFNNZFJEHU-UHFFFAOYSA-N,# td=(nstates=10) b3lyp/lanl2dz geom=connectivity
C-DAD_Monomer/C-OSeO1b-UV.gjf,C,chalcogendiazoloquinoxaline,Monomer,OSeO,C16H8N4O2Se,C16H8N4O2Se,31,True,True,True,True,,c1coc(-c2c3nccnc3c(-c3ccco3)c3n[se]nc23)c1,InChI=1S/C16H8N4O2Se/c1-3-9(21-7-1)11-13-14(18-6-5-17-13)12(10-4-2-8-22-10)16-15(11)19-23-20-16/h1-8H,JEDGZVCGPZEJPZ-UHFFFAOYSA-N,# td=(nstates=10) b3lyp/lanl2dz geom=connectivity
C-DAD_Monomer/C-OTeO1b-UV.gjf,C,chalcogendiazoloquinoxaline,Monomer,OTeO,C16H8N4O2Te,C16H8N4O2Te,31,True,True,True,True,,c1coc(-c2c3nccnc3c(-c3ccco3)c3n[te]nc23)c1,InChI=1S/C16H8N4O2Te/c1-3-9(21-7-1)11-13-14(18-6-5-17-13)12(10-4-2-8-22-10)16-15(11)19-23-20-16/h1-8H,JKHPJHCFZGFNFA-UHFFFAOYSA-N,# td=(nstates=10) b3lyp/lanl2dz geom=connectivity
C-DAD_Monomer/C-SOS1a-UV.gjf,C,chalcogendiazoloquinoxaline,Monomer,SOS,C16H8N4OS2,C16H8N4OS2,31,True,True,True,True,,c1csc(-c2c3nccnc3c(-c3cccs3)c3nonc23)c1,InChI=1S/C16H8N4OS2/c1-3-9(22-7-1)11-13-14(18-6-5-17-13)12(10-4-2-8-23-10)16-15(11)19-21-20-16/h1-8H,DIMSIBRCDZGHSG-UHFFFAOYSA-N,# td=(nstates=10) b3lyp/lanl2dz geom=connectivity
C-DAD_Monomer/C-SSS1a-UV.gjf,C,chalcogendiazoloquinoxaline,Monomer,SSS,C16H8N4S3,C16H8N4S3,31,True,True,True,True,,c1csc(-c2c3nccnc3c(-c3cccs3)c3nsnc23)c1,InChI=1S/C16H8N4S3/c1-3-9(21-7-1)11-13-14(18-6-5-17-13)12(10-4-2-8-22-10)16-15(11)19-23-20-16/h1-8H,UFEGJSRIXAMOHZ-UHFFFAOYSA-N,# td=(nstates=10) b3lyp/lanl2dz geom=connectivity
C-DAD_Monomer/C-SSeS1a-UV.gjf,C,chalcogendiazoloquinoxaline,Monomer,SSeS,C16H8N4S2Se,C16H8N4S2Se,31,True,True,True,True,,c1csc(-c2c3nccnc3c(-c3cccs3)c3n[se]nc23)c1,InChI=1S/C16H8N4S2Se/c1-3-9(21-7-1)11-13-14(18-6-5-17-13)12(10-4-2-8-22-10)16-15(11)19-23-20-16/h1-8H,VCMQLIKOKUQTCO-UHFFFAOYSA-N,# td=(nstates=10) b3lyp/lanl2dz geom=connectivity
C-DAD_Monomer/C-STeS1a-UV.gjf,C,chalcogendiazoloquinoxaline,Monomer,STeS,C16H8N4S2Te,C16H8N4S2Te,31,True,True,True,True,,c1csc(-c2c3nccnc3c(-c3cccs3)c3n[te]nc23)c1,InChI=1S/C16H8N4S2Te/c1-3-9(21-7-1)11-13-14(18-6-5-17-13)12(10-4-2-8-22-10)16-15(11)19-23-20-16/h1-8H,IGPAVGOGXXTPPV-UHFFFAOYSA-N,# td=(nstates=10) b3lyp/lanl2dz geom=connectivity
C-DAD_Monomer/C-SeOSe1a-UV.gjf,C,chalcogendiazoloquinoxaline,Monomer,SeOSe,C16H8N4OSe2,C16H8N4OSe2,31,True,True,True,True,,c1c[se]c(-c2c3nccnc3c(-c3ccc[se]3)c3nonc23)c1,InChI=1S/C16H8N4OSe2/c1-3-9(22-7-1)11-13-14(18-6-5-17-13)12(10-4-2-8-23-10)16-15(11)19-21-20-16/h1-8H,FYROWOIFYMKTQN-UHFFFAOYSA-N,# td=(nstates=10) b3lyp/lanl2dz geom=connectivity
C-DAD_Monomer/C-SeSSe1a-UV.gjf,C,chalcogendiazoloquinoxaline,Monomer,SeSSe,C16H8N4SSe2,C16H8N4SSe2,31,True,True,True,True,,c1c[se]c(-c2c3nccnc3c(-c3ccc[se]3)c3nsnc23)c1,InChI=1S/C16H8N4SSe2/c1-3-9(22-7-1)11-13-14(18-6-5-17-13)12(10-4-2-8-23-10)16-15(11)19-21-20-16/h1-8H,FQZHDGNQLCWYOV-UHFFFAOYSA-N,# td=(nstates=10) b3lyp/lanl2dz geom=connectivity
C-DAD_Monomer/C-SeSeSe1a-UV.gjf,C,chalcogendiazoloquinoxaline,Monomer,SeSeSe,C16H8N4Se3,C16H8N4Se3,31,True,True,True,True,,c1c[se]c(-c2c3nccnc3c(-c3ccc[se]3)c3n[se]nc23)c1,InChI=1S/C16H8N4Se3/c1-3-9(21-7-1)11-13-14(18-6-5-17-13)12(10-4-2-8-22-10)16-15(11)19-23-20-16/h1-8H,VJKQVEQOAGNHGR-UHFFFAOYSA-N,# td=(nstates=10) b3lyp/lanl2dz geom=connectivity
C-DAD_Monomer/C-SeTeSe1a-UV.gjf,C,chalcogendiazoloquinoxaline,Monomer,SeTeSe,C16H8N4Se2Te,C16H8N4Se2Te,31,True,True,True,True,,c1c[se]c(-c2c3nccnc3c(-c3ccc[se]3)c3n[te]nc23)c1,InChI=1S/C16H8N4Se2Te/c1-3-9(21-7-1)11-13-14(18-6-5-17-13)12(10-4-2-8-22-10)16-15(11)19-23-20-16/h1-8H,UXWRGNXHWHFAPI-UHFFFAOYSA-N,# td=(nstates=10) b3lyp/lanl2dz geom=connectivity
C-DAD_Monomer/C-TeOTe1a-UV.gjf,C,chalcogendiazoloquinoxaline,Monomer,TeOTe,C16H8N4OTe2,C16H8N4OTe2,31,True,True,True,True,,c1c[te]c(-c2c3nccnc3c(-c3ccc[te]3)c3nonc23)c1,InChI=1S/C16H8N4OTe2/c1-3-9(22-7-1)11-13-14(18-6-5-17-13)12(10-4-2-8-23-10)16-15(11)19-21-20-16/h1-8H,RLQLDXUZFLUTSN-UHFFFAOYSA-N,# td=(nstates=10) b3lyp/lanl2dz geom=connectivity
C-DAD_Monomer/C-TeSTe1a-UV.gjf,C,chalcogendiazoloquinoxaline,Monomer,TeSTe,C16H8N4STe2,C16H8N4STe2,31,True,True,True,True,,c1c[te]c(-c2c3nccnc3c(-c3ccc[te]3)c3nsnc23)c1,InChI=1S/C16H8N4STe2/c1-3-9(22-7-1)11-13-14(18-6-5-17-13)12(10-4-2-8-23-10)16-15(11)19-21-20-16/h1-8H,MHPULXUBMWJHOE-UHFFFAOYSA-N,# td=(nstates=10) b3lyp/lanl2dz geom=connectivity
C-DAD_Monomer/C-TeSeTe1a-UV.gjf,C,chalcogendiazoloquinoxaline,Monomer,TeSeTe,C16H8N4SeTe2,C16H8N4SeTe2,31,True,True,True,True,,c1c[te]c(-c2c3nccnc3c(-c3ccc[te]3)c3n[se]nc23)c1,InChI=1S/C16H8N4SeTe2/c1-3-9(22-7-1)11-13-14(18-6-5-17-13)12(10-4-2-8-23-10)16-15(11)19-21-20-16/h1-8H,KIEZZJYGNHBPNA-UHFFFAOYSA-N,# td=(nstates=10) b3lyp/lanl2dz geom=connectivity
C-DAD_Monomer/C-TeTeTe1a-UV.gjf,C,chalcogendiazoloquinoxaline,Monomer,TeTeTe,C16H8N4Te3,C16H8N4Te3,31,True,True,True,True,,c1c[te]c(-c2c3nccnc3c(-c3ccc[te]3)c3n[te]nc23)c1,InChI=1S/C16H8N4Te3/c1-3-9(21-7-1)11-13-14(18-6-5-17-13)12(10-4-2-8-22-10)16-15(11)19-23-20-16/h1-8H,PXKCYJPHIAPOPN-UHFFFAOYSA-N,# td=(nstates=10) b3lyp/lanl2dz geom=connectivity
