Split,Representation,Model,MAE_mean,MAE_std,RMSE_mean,RMSE_std,R2_mean,R2_std,n_folds,n_test_total
inchikey,-,Mean baseline,0.40888365762916,0.015030812982455444,0.5293984891188244,0.013750911669639898,-0.0029244596657487243,0.003543806815518965,5,3086
inchikey,Donor/acceptor one-hot,Ridge,0.08057394294533608,0.0033162833054854635,0.12407500195712702,0.015636614201402232,0.943975341207746,0.016236688665588257,5,3086
inchikey,General,RF,0.22336731422439385,0.004730454779944539,0.2942056026248313,0.0061110787821699545,0.6891918729658247,0.027972862552049522,5,3086
inchikey,General,SVR,0.19338026709609676,0.006435867329762655,0.2612273818451934,0.010827250612897077,0.7552517324794892,0.021283434938314544,5,3086
inchikey,General,XGB,0.1955765121275694,0.006984551165747178,0.2618718678237664,0.0029317417233255113,0.7540084021059801,0.01725488778239892,5,3086
inchikey,Chalcogen-aware,RF,0.22096091510655436,0.010635512600011688,0.2961130344899367,0.012838707971163077,0.6858648347727507,0.02338440811369196,5,3086
inchikey,Chalcogen-aware,SVR,0.23270576524668485,0.01193168548822872,0.3124438564877255,0.021558980003058503,0.6494469327734222,0.04633736012495917,5,3086
inchikey,Chalcogen-aware,XGB,0.21102175964803643,0.008446578237995021,0.28486939837321856,0.011355026267711914,0.709194430372691,0.021709767236595345,5,3086
inchikey,Combined,RF,0.1865602578366564,0.006635399481152277,0.2513760389495098,0.00816272833763535,0.773483783095389,0.016408778872963846,5,3086
inchikey,Combined,SVR,0.16104285174410893,0.009318440039136075,0.2218264880169134,0.01638236904715791,0.8232145104631912,0.024958530101222825,5,3086
inchikey,Combined,XGB,0.1608460570670575,0.00822922418432631,0.22008584473888998,0.010720139738513509,0.8263563495355519,0.015601642048315746,5,3086
donor,-,Mean baseline,0.4136926137214988,0.01542334868778212,0.5340593812102363,0.02020232100766509,-0.05592643855050481,0.09012260232862788,5,3086
donor,Donor/acceptor one-hot,Ridge,0.2282489227752515,0.038972007703974694,0.3037771781049567,0.0420947965155411,0.6535254497940292,0.1016617066183162,5,3086
donor,General,RF,0.28092169131668454,0.027195410750888927,0.36954890331808443,0.035362303310447006,0.4878061861547983,0.1260894342771411,5,3086
donor,General,SVR,0.31204654606514587,0.0839614322860651,0.40434535783560277,0.10767634732508008,0.3550923778180688,0.3914009003607401,5,3086
donor,General,XGB,0.2807011621767766,0.03290607439737371,0.36604815620280096,0.04290148004023257,0.49527199743084915,0.14697422488949755,5,3086
donor,Chalcogen-aware,RF,0.2473679883687933,0.03791201586030919,0.322987473902526,0.04767111208321,0.6046815792906678,0.1335827813908643,5,3086
donor,Chalcogen-aware,SVR,0.26971401480694973,0.044355234494776095,0.3515591497012347,0.05440245082270665,0.5302506252826676,0.1679338896201639,5,3086
donor,Chalcogen-aware,XGB,0.24893241515055958,0.04117208462542163,0.32304468809077075,0.047893498836495595,0.6049496074414618,0.1313056065484697,5,3086
donor,Combined,RF,0.2345369418981079,0.03140027757619427,0.3148149073855809,0.035965334142818564,0.6274000990577667,0.1032460016615314,5,3086
donor,Combined,SVR,0.2724532008031982,0.05808294259222672,0.3496647074836929,0.07216297560397825,0.528150802273322,0.22091199177830861,5,3086
donor,Combined,XGB,0.2388428091247261,0.038262211066387705,0.31152741031642195,0.046308184875270414,0.6330759153733292,0.12185134455088013,5,3086
acceptor,-,Mean baseline,0.41329291867924134,0.0820081794959674,0.5296235395591442,0.1032692488739169,-0.06877995909058905,0.09832519173107895,5,3086
acceptor,Donor/acceptor one-hot,Ridge,0.35388372155012604,0.10388286634142381,0.4519623380964554,0.12313350984360819,0.23003235272731404,0.16302136610461465,5,3086
acceptor,General,RF,0.3170043251838887,0.04385369259132938,0.4114731049385737,0.05005595411672429,0.3388769442824246,0.10953374431467923,5,3086
acceptor,General,SVR,0.29212092974284914,0.025108705126693862,0.38388722344607473,0.037768480732199676,0.3865371345376911,0.21381758413143376,5,3086
acceptor,General,XGB,0.3016130301964088,0.06062431385583277,0.3982139016436478,0.07649080162674374,0.38240745272066967,0.16482940632963833,5,3086
acceptor,Chalcogen-aware,RF,0.31658305039005397,0.08602050114363616,0.4128612490461833,0.09729592889684473,0.3144636747998006,0.3192943048290711,5,3086
acceptor,Chalcogen-aware,SVR,0.3139684752318607,0.07363268890056232,0.40724424937494164,0.0871387806710752,0.32932584528515296,0.3196691578494046,5,3086
acceptor,Chalcogen-aware,XGB,0.31441780968963357,0.09010967375696263,0.40649018978625107,0.10210497744714023,0.3422445192871926,0.28827625042146166,5,3086
acceptor,Combined,RF,0.3044585902343097,0.07133707639563704,0.4052193236693088,0.07937236974458158,0.36600514800325523,0.13753713169216839,5,3086
acceptor,Combined,SVR,0.2965178552386578,0.04231880605390732,0.3912571675514938,0.040064747345666694,0.38224282052977193,0.20540939795983168,5,3086
acceptor,Combined,XGB,0.2884682778914755,0.0690226327618446,0.38517511097720225,0.07554682617410904,0.43117722543575204,0.09311353137816487,5,3086
donor+acceptor,-,Mean baseline,0.3902743138070637,0.06483903390762463,0.5087518153027284,0.08161444649767853,-0.03098755041519401,0.03744703266212297,5,622
donor+acceptor,Donor/acceptor one-hot,Ridge,0.39038966799785224,0.06478672922118621,0.5087647224582945,0.08151313305344486,-0.031122585964164794,0.03840084192840839,5,622
donor+acceptor,General,RF,0.35995393414508325,0.08284158542701717,0.45591668512771016,0.09697608787277688,0.1462459010282292,0.2772209387006287,5,622
donor+acceptor,General,SVR,0.41658133387659024,0.054918765045504386,0.5182963804508921,0.07285336823110468,-0.09354829429556363,0.24761918349726703,5,622
donor+acceptor,General,XGB,0.3783100881241028,0.06320466026650493,0.47125235480129335,0.07767550555150138,0.08331000724018907,0.2821085988043496,5,622
donor+acceptor,Chalcogen-aware,RF,0.352365671992595,0.038904442390619486,0.44572915703773236,0.04418302672033417,0.19293732188117801,0.11281149390268067,5,622
donor+acceptor,Chalcogen-aware,SVR,0.34809104583525713,0.027763733556541274,0.4453569584746774,0.031741976293188416,0.16986028775339396,0.2179649347862924,5,622
donor+acceptor,Chalcogen-aware,XGB,0.349285035847997,0.030255378550710716,0.4392892388411112,0.03616533392474463,0.20087253047183573,0.19757171957598316,5,622
donor+acceptor,Combined,RF,0.3520844106802082,0.07805981080156546,0.44764569570741053,0.09732242365078911,0.20293399088407962,0.14381654617737258,5,622
donor+acceptor,Combined,SVR,0.3868574200579952,0.06886479423459595,0.48848331719041826,0.08100245167772865,0.03273303290700762,0.21221548444993407,5,622
donor+acceptor,Combined,XGB,0.3468672693197034,0.05219766976330361,0.4312193221508922,0.06308387308881995,0.24218739193848515,0.18042503126608525,5,622
