Split,Fold,n_train,n_test,Representation,Model,MAE,RMSE,R2
inchikey,0,2460,626,-,Mean baseline,0.39407846952907866,0.5108529765391824,-0.004858216256983017
inchikey,0,2460,626,Donor/acceptor one-hot,Ridge,0.07659018727811359,0.11534803956706183,0.9487689370262767
inchikey,0,2460,626,General,RF,0.22595612412364274,0.2992236872441563,0.6552495258576121
inchikey,0,2460,626,General,SVR,0.19083893809500238,0.25346012313601024,0.7526384380608571
inchikey,0,2460,626,General,XGB,0.1928730675324632,0.2635238726672428,0.7326052600617154
inchikey,0,2460,626,Chalcogen-aware,RF,0.20464512420894812,0.27458241184428406,0.7096924288147869
inchikey,0,2460,626,Chalcogen-aware,SVR,0.2121240961231048,0.2785626608954766,0.7012150375662725
inchikey,0,2460,626,Chalcogen-aware,XGB,0.20031922456718176,0.2671299283156609,0.7252371409952438
inchikey,0,2460,626,Combined,RF,0.1801801943108515,0.24083540523336258,0.7766666412503893
inchikey,0,2460,626,Combined,SVR,0.14787745923740384,0.19824187159111556,0.8486774295281657
inchikey,0,2460,626,Combined,XGB,0.15013995059152913,0.2034157865846905,0.8406756188392289
inchikey,1,2475,611,-,Mean baseline,0.42602921498718777,0.5425355106399966,-0.00012243799230837737
inchikey,1,2475,611,Donor/acceptor one-hot,Ridge,0.08084149530786526,0.11565972772569466,0.9545471454331261
inchikey,1,2475,611,General,RF,0.21963782735268111,0.28598517729377837,0.7221029860056358
inchikey,1,2475,611,General,SVR,0.19468478052315039,0.2516529271581822,0.7848205441892092
inchikey,1,2475,611,General,XGB,0.19699666046841835,0.25845978355559185,0.773022512296991
inchikey,1,2475,611,Chalcogen-aware,RF,0.227961846577998,0.3018206823142234,0.6904756464317735
inchikey,1,2475,611,Chalcogen-aware,SVR,0.2330185957281467,0.3095187699595044,0.6744851441009884
inchikey,1,2475,611,Chalcogen-aware,XGB,0.21753119104645724,0.2907996666925519,0.7126675731713179
inchikey,1,2475,611,Combined,RF,0.18437024339767363,0.24788888891232475,0.7912093944301646
inchikey,1,2475,611,Combined,SVR,0.15977241611069584,0.21300039137488502,0.8458449931116102
inchikey,1,2475,611,Combined,XGB,0.16042176321979282,0.21605767688325084,0.8413879287757748
inchikey,2,2472,614,-,Mean baseline,0.40382196902111467,0.5298200411541302,-0.008263910251385287
inchikey,2,2472,614,Donor/acceptor one-hot,Ridge,0.0786248733886281,0.11678434458886558,0.9510123378763405
inchikey,2,2472,614,General,RF,0.22709373342437936,0.291318030702471,0.6951738722424192
inchikey,2,2472,614,General,SVR,0.19614666466870978,0.2551748923119578,0.7661198635223868
inchikey,2,2472,614,General,XGB,0.19865655198126428,0.2596423553719852,0.7578588845469779
inchikey,2,2472,614,Chalcogen-aware,RF,0.22839688492790408,0.29897498932213246,0.6789392792108988
inchikey,2,2472,614,Chalcogen-aware,SVR,0.24109129361185175,0.3253257549584831,0.6198505636856084
inchikey,2,2472,614,Chalcogen-aware,XGB,0.21768423714572524,0.2865446675318593,0.7050814296469714
inchikey,2,2472,614,Combined,RF,0.19116149611357497,0.24996054077352936,0.7755806142234539
inchikey,2,2472,614,Combined,SVR,0.1702292327301474,0.2268977364614699,0.8150825972219835
inchikey,2,2472,614,Combined,XGB,0.17045041707594932,0.2240735360121036,0.819657289158318
inchikey,3,2467,619,-,Mean baseline,0.39680530426770694,0.5212331493824952,-0.0004261460442829268
inchikey,3,2467,619,Donor/acceptor one-hot,Ridge,0.0813814230941423,0.1517737172381358,0.9151769041690221
inchikey,3,2467,619,General,RF,0.2169916993047709,0.3011069160379708,0.666141499289175
inchikey,3,2467,619,General,SVR,0.1839928698000718,0.2711024050970819,0.7293626589103879
inchikey,3,2467,619,General,XGB,0.1853317614387426,0.265748132819694,0.7399472679685802
inchikey,3,2467,619,Chalcogen-aware,RF,0.21556870614709853,0.308551729159332,0.6494282260109745
inchikey,3,2467,619,Chalcogen-aware,SVR,0.23709276768998933,0.33559835715417197,0.5852746050145742
inchikey,3,2467,619,Chalcogen-aware,XGB,0.20342215830627589,0.29741081395315105,0.6742874533201766
inchikey,3,2467,619,Combined,RF,0.18141847626094734,0.2624146248696939,0.7464304803219788
inchikey,3,2467,619,Combined,SVR,0.15757562205617467,0.23996574070397703,0.7879591858134519
inchikey,3,2467,619,Combined,XGB,0.15601123608347903,0.23068231062953257,0.8040480621097552
inchikey,4,2470,616,-,Mean baseline,0.42368333034071193,0.5425507678783172,-0.0009515877837840137
inchikey,4,2470,616,Donor/acceptor one-hot,Ridge,0.08543173565793118,0.12080918066587729,0.9503713815339642
inchikey,4,2470,616,General,RF,0.22715718691649509,0.2933942018457801,0.7072914814342817
inchikey,4,2470,616,General,SVR,0.2012380823935495,0.2747465615227347,0.7433171577146052
inchikey,4,2470,616,General,XGB,0.2040245192169586,0.26198519470431825,0.7666080856556354
inchikey,4,2470,616,Chalcogen-aware,RF,0.22823201367082296,0.2966353598097117,0.7007885933953198
inchikey,4,2470,616,Chalcogen-aware,SVR,0.2402020730803316,0.31321373947099146,0.6664093134996678
inchikey,4,2470,616,Chalcogen-aware,XGB,0.2161519871745419,0.2824619153728694,0.7286985547297451
inchikey,4,2470,616,Combined,RF,0.1956708791002346,0.2557807349586381,0.7775317852509586
inchikey,4,2470,616,Combined,SVR,0.16975952858612295,0.23102669995311956,0.8185083466407446
inchikey,4,2470,616,Combined,XGB,0.16720691836453722,0.22619991358487243,0.8260128487946827
donor,0,2411,675,-,Mean baseline,0.403117007793293,0.513978511323901,-0.028246092468499073
donor,0,2411,675,Donor/acceptor one-hot,Ridge,0.19436333746555334,0.2729709818970435,0.7099718800785767
donor,0,2411,675,General,RF,0.28111141965881803,0.3684335324336172,0.471645460136104
donor,0,2411,675,General,SVR,0.27454973165084817,0.35845096096686807,0.49988872999647704
donor,0,2411,675,General,XGB,0.2800591505992296,0.35944215001280905,0.49711908935707527
donor,0,2411,675,Chalcogen-aware,RF,0.25819595524506905,0.33518186745658535,0.5627113793771477
donor,0,2411,675,Chalcogen-aware,SVR,0.2851456002429298,0.36880922513458875,0.4705673815594672
donor,0,2411,675,Chalcogen-aware,XGB,0.25592011127173525,0.3341608380434078,0.5653714546821638
donor,0,2411,675,Combined,RF,0.23168019633322795,0.3111696043132456,0.6231213993771169
donor,0,2411,675,Combined,SVR,0.2639881423336261,0.3460272289684124,0.5339551714548316
donor,0,2411,675,Combined,XGB,0.2414561040402335,0.30889439627754045,0.6286125679256871
donor,1,2410,676,-,Mean baseline,0.4218338308060596,0.5577729099805858,-0.21630833385977422
donor,1,2410,676,Donor/acceptor one-hot,Ridge,0.27970151023895284,0.3627268126716978,0.4856151526416126
donor,1,2410,676,General,RF,0.32532345487199954,0.43059365330123145,0.27512337403562837
donor,1,2410,676,General,SVR,0.4487842935051,0.5822850725588848,-0.32556235129388744
donor,1,2410,676,General,XGB,0.3357099124035807,0.440194931796905,0.24243670679762408
donor,1,2410,676,Chalcogen-aware,RF,0.30150139196932557,0.39391836498200955,0.39334566592443
donor,1,2410,676,Chalcogen-aware,SVR,0.3348510311568763,0.4338145054507095,0.2642386231489008
donor,1,2410,676,Chalcogen-aware,XGB,0.3093177482517062,0.3919026038992091,0.39953852955782054
donor,1,2410,676,Combined,RF,0.2791967354616442,0.3744351853978727,0.45187179264931765
donor,1,2410,676,Combined,SVR,0.36315821306878315,0.4647782298602033,0.15545965273039375
donor,1,2410,676,Combined,XGB,0.28623855920670865,0.38061013271701544,0.43364395620391605
donor,2,2462,624,-,Mean baseline,0.4347482782681371,0.5521469209672709,-0.020990128886948067
donor,2,2462,624,Donor/acceptor one-hot,Ridge,0.25270648818253605,0.3309758306581852,0.6331362546406683
donor,2,2462,624,General,RF,0.26851700376954646,0.3521888800541381,0.5846028496269933
donor,2,2462,624,General,SVR,0.33557355625350777,0.42737501176603243,0.3883112608671574
donor,2,2462,624,General,XGB,0.2761242774237486,0.3557371634513769,0.5761904785276193
donor,2,2462,624,Chalcogen-aware,RF,0.254397126471213,0.3276986386112707,0.6403653666914881
donor,2,2462,624,Chalcogen-aware,SVR,0.2621668383101073,0.3453054879358487,0.6006817168662704
donor,2,2462,624,Chalcogen-aware,XGB,0.2569742648965151,0.33222630710272305,0.6303588851107362
donor,2,2462,624,Combined,RF,0.24807153643553506,0.31520739940919756,0.6672599774684439
donor,2,2462,624,Combined,SVR,0.289091429990939,0.3599086830112794,0.5661926732667069
donor,2,2462,624,Combined,XGB,0.26279461217035394,0.32813741307709005,0.6394016511416913
donor,3,2514,572,-,Mean baseline,0.3955310177662433,0.5159909635946015,-0.007370264277525296
donor,3,2514,572,Donor/acceptor one-hot,Ridge,0.18725585767335093,0.26209424090626793,0.7400918539549846
donor,3,2514,572,General,RF,0.25227963583355145,0.3424841305421308,0.5562014893263392
donor,3,2514,572,General,SVR,0.24902525484463758,0.3319778311366729,0.5830124372740728
donor,3,2514,572,General,XGB,0.2510944680944056,0.3436310122406214,0.5532242032798438
donor,3,2514,572,Chalcogen-aware,RF,0.2058551218643401,0.27516866106573407,0.7135143478861837
donor,3,2514,572,Chalcogen-aware,SVR,0.21496106502425302,0.29100589203633115,0.6795882015058212
donor,3,2514,572,Chalcogen-aware,XGB,0.20181826193215963,0.2672530735334008,0.7297595520616769
donor,3,2514,572,Combined,RF,0.19621591473011696,0.2895769793397374,0.6827270824912651
donor,3,2514,572,Combined,SVR,0.22689857903744173,0.2939430493531744,0.6730876515099715
donor,3,2514,572,Combined,XGB,0.18973785715687358,0.2639524471885104,0.7363933750172078
donor,4,2547,539,-,Mean baseline,0.41323293397376076,0.5304076001848222,-0.006717373259777393
donor,4,2547,539,Donor/acceptor one-hot,Ridge,0.2272174203158643,0.2901180243915891,0.6988121076543037
donor,4,2547,539,General,RF,0.2773769424495071,0.3540443202593047,0.5514577576489267
donor,4,2547,539,General,SVR,0.2522998940716356,0.32163791274955555,0.6298118122465242
donor,4,2547,539,General,XGB,0.26051800236291833,0.33123552351229246,0.6073895091920832
donor,4,2547,539,Chalcogen-aware,RF,0.21689034629401896,0.28296983739703035,0.7134711365740896
donor,4,2547,539,Chalcogen-aware,SVR,0.25144553930058233,0.3188606379486954,0.6361772033328785
donor,4,2547,539,Chalcogen-aware,XGB,0.22063168940068176,0.28968061787511296,0.6997196157949117
donor,4,2547,539,Combined,RF,0.2175203265300153,0.2836853684678512,0.7120202433026899
donor,4,2547,539,Combined,SVR,0.21912963958520087,0.28366634622539505,0.7120588624047062
donor,4,2547,539,Combined,XGB,0.2139869130494608,0.27604266232195335,0.7273280265781438
acceptor,0,2433,653,-,Mean baseline,0.3519669089088333,0.4490121913810777,-0.0013615345314308414
acceptor,0,2433,653,Donor/acceptor one-hot,Ridge,0.2656732284018649,0.34657210505119496,0.4034293992587844
acceptor,0,2433,653,General,RF,0.2782044615795814,0.3912188926955366,0.23982378325826426
acceptor,0,2433,653,General,SVR,0.2807635677130909,0.38580079776475856,0.26073374669210436
acceptor,0,2433,653,General,XGB,0.2424840574721589,0.3369063832039438,0.43624148080753766
acceptor,0,2433,653,Chalcogen-aware,RF,0.39282764912977214,0.49843451591315874,-0.23393094813836535
acceptor,0,2433,653,Chalcogen-aware,SVR,0.3982238939446945,0.49879154861044334,-0.23569933081132888
acceptor,0,2433,653,Chalcogen-aware,XGB,0.37882214928299585,0.4788716808161428,-0.13897173976672716
acceptor,0,2433,653,Combined,RF,0.3202232375427619,0.41665299621412244,0.13776895177364767
acceptor,0,2433,653,Combined,SVR,0.3429046958879556,0.4351963301438812,0.05931311795809313
acceptor,0,2433,653,Combined,XGB,0.2930484479114246,0.3764763450710303,0.29603668764714264
acceptor,1,2433,653,-,Mean baseline,0.3938994210765829,0.5181242986352609,-0.0007028318601660644
acceptor,1,2433,653,Donor/acceptor one-hot,Ridge,0.3232809292198018,0.42968790041316285,0.3117543773794903
acceptor,1,2433,653,General,RF,0.35367583320814006,0.44929278075453255,0.24751804529044674
acceptor,1,2433,653,General,SVR,0.32596441711074486,0.4371548288489111,0.2876264782467939
acceptor,1,2433,653,General,XGB,0.36086662328325775,0.48498648531629945,0.12320819474203071
acceptor,1,2433,653,Chalcogen-aware,RF,0.24870319985594985,0.3343001792976806,0.5834084776348811
acceptor,1,2433,653,Chalcogen-aware,SVR,0.26656047742459205,0.34669470318224266,0.5519446969808155
acceptor,1,2433,653,Chalcogen-aware,XGB,0.24607940883193666,0.32547680852822236,0.6051089357282456
acceptor,1,2433,653,Combined,RF,0.2649984118088314,0.3942151841999947,0.4206994975058481
acceptor,1,2433,653,Combined,SVR,0.27359524605741387,0.390376639260806,0.4319260811398191
acceptor,1,2433,653,Combined,XGB,0.2695100493762964,0.400066104604268,0.40337599390726697
acceptor,2,2493,593,-,Mean baseline,0.5462678538531835,0.7018522259430745,-0.11473571374152414
acceptor,2,2493,593,Donor/acceptor one-hot,Ridge,0.519946740273749,0.6578357296143246,0.02070064609908684
acceptor,2,2493,593,General,RF,0.37425141456103345,0.4785991450680285,0.4816484650185021
acceptor,2,2493,593,General,SVR,0.25984074654412675,0.3347989045746472,0.7463419738321181
acceptor,2,2493,593,General,XGB,0.3697345510502344,0.4753150828367353,0.4887377307665087
acceptor,2,2493,593,Chalcogen-aware,RF,0.4267882332496311,0.5379463334839248,0.34512493346021034
acceptor,2,2493,593,Chalcogen-aware,SVR,0.39047712083545383,0.5052291717133461,0.4223598273426592
acceptor,2,2493,593,Chalcogen-aware,XGB,0.4412451587715471,0.5503695675995633,0.31452854289348464
acceptor,2,2493,593,Combined,RF,0.42257717662034433,0.5340245597834259,0.35463855947481715
acceptor,2,2493,593,Combined,SVR,0.3405398141977433,0.42443739499619804,0.5923308642199268
acceptor,2,2493,593,Combined,XGB,0.4043626171170085,0.5055352063802145,0.4216598224025706
acceptor,3,2493,593,-,Mean baseline,0.3440564438275401,0.44984325047022544,-0.00545033159139563
acceptor,3,2493,593,Donor/acceptor one-hot,Ridge,0.27661287258082673,0.3704195643751768,0.3182486011286839
acceptor,3,2493,593,General,RF,0.2942454712392753,0.37582072722104265,0.2982221419344
acceptor,3,2493,593,General,SVR,0.305890527946746,0.39561422303840243,0.22235390025384316
acceptor,3,2493,593,General,XGB,0.28652540696842393,0.3682705095115635,0.326136257288143
acceptor,3,2493,593,Chalcogen-aware,RF,0.256158585629431,0.34715987705155726,0.40117867732590895
acceptor,3,2493,593,Chalcogen-aware,SVR,0.2517125435814479,0.3285015509422787,0.46381698425540097
acceptor,3,2493,593,Chalcogen-aware,XGB,0.24947826887083777,0.3337556396796815,0.4465282861683325
acceptor,3,2493,593,Combined,RF,0.2656264108911437,0.34240065083572696,0.41748465885668673
acceptor,3,2493,593,Combined,SVR,0.27441981404887955,0.3686651489968583,0.3246912557415498
acceptor,3,2493,593,Combined,XGB,0.24448610448612773,0.3175639897279208,0.4989273439482662
acceptor,4,2492,594,-,Mean baseline,0.4302739657300668,0.5292857313660827,-0.22164938372842857
acceptor,4,2492,594,Donor/acceptor one-hot,Ridge,0.38390483727438773,0.45529639102841796,0.09602873977052462
acceptor,4,2492,594,General,RF,0.2846444453314133,0.3624339789537283,0.42717228591050993
acceptor,4,2492,594,General,SVR,0.28814538939953716,0.3660673630036543,0.4156295736635961
acceptor,4,2492,594,General,XGB,0.2484545122079689,0.3255910473496971,0.5377135999991283
acceptor,4,2492,594,Chalcogen-aware,RF,0.25843758408548567,0.3464653394845951,0.476537233716368
acceptor,4,2492,594,Chalcogen-aware,SVR,0.26286834037311535,0.35700427242639743,0.44420704865821803
acceptor,4,2492,594,Chalcogen-aware,XGB,0.2564640626908504,0.343977252307645,0.48402857141262723
acceptor,4,2492,594,Combined,RF,0.2488677143084673,0.33880322731327417,0.4994340724052767
acceptor,4,2492,594,Combined,SVR,0.25112970600129686,0.33761032435972554,0.5029527835894708
acceptor,4,2492,594,Combined,XGB,0.23093417056652032,0.32623390910257777,0.5358862792735136
donor+acceptor,0,1899,143,-,Mean baseline,0.3702760896533692,0.4695699491522203,-0.09481717203806594
donor+acceptor,0,1899,143,Donor/acceptor one-hot,Ridge,0.37067187254002953,0.47004837003125804,-0.0970492153060607
donor+acceptor,0,1899,143,General,RF,0.3589425099198142,0.44423171624213886,0.020148790078590717
donor+acceptor,0,1899,143,General,SVR,0.37229069819547533,0.4732098067961486,-0.11185584064091336
donor+acceptor,0,1899,143,General,XGB,0.368792912896323,0.45103504788492743,-0.010093530530341566
donor+acceptor,0,1899,143,Chalcogen-aware,RF,0.3295419041020748,0.41677360598768803,0.13753511053451617
donor+acceptor,0,1899,143,Chalcogen-aware,SVR,0.3527579381089868,0.45934854444941986,-0.04767287089709349
donor+acceptor,0,1899,143,Chalcogen-aware,XGB,0.32864389594957044,0.4058314042525137,0.18222786038981154
donor+acceptor,0,1899,143,Combined,RF,0.28845306679790805,0.36562212260278176,0.3362478508941025
donor+acceptor,0,1899,143,Combined,SVR,0.35199923977426956,0.4586797199859566,-0.04462420936113953
donor+acceptor,0,1899,143,Combined,XGB,0.2934532203881857,0.3705332257046364,0.31829681429533097
donor+acceptor,1,1904,143,-,Mean baseline,0.37897300444775817,0.5377825770243708,-0.022184268197004364
donor+acceptor,1,1904,143,Donor/acceptor one-hot,Ridge,0.37909917808597865,0.5374089032177222,-0.020764249026392845
donor+acceptor,1,1904,143,General,RF,0.2964553860205796,0.38220768606448036,0.48368520551777805
donor+acceptor,1,1904,143,General,SVR,0.42507015837148326,0.5339423066283554,-0.007637689672258308
donor+acceptor,1,1904,143,General,XGB,0.3322323209056187,0.409125681230447,0.40839856362149485
donor+acceptor,1,1904,143,Chalcogen-aware,RF,0.3555941645269028,0.44712503449481156,0.2933998745811368
donor+acceptor,1,1904,143,Chalcogen-aware,SVR,0.38351696786018385,0.4856689593695934,0.16632566585200592
donor+acceptor,1,1904,143,Chalcogen-aware,XGB,0.3330753087247835,0.41888207428574764,0.3798463732989622
donor+acceptor,1,1904,143,Combined,RF,0.3359388866513485,0.43076113396873006,0.3441738039141021
donor+acceptor,1,1904,143,Combined,SVR,0.3532811322042989,0.45914390468367294,0.2549020244979462
donor+acceptor,1,1904,143,Combined,XGB,0.3416095716999294,0.411498248461706,0.4015171376580924
donor+acceptor,2,1990,120,-,Mean baseline,0.3582788523031825,0.4680983025299064,-0.0294601205960332
donor+acceptor,2,1990,120,Donor/acceptor one-hot,Ridge,0.3581883162121322,0.46791574041497,-0.028657281676500057
donor+acceptor,2,1990,120,General,RF,0.2711075533929571,0.36916400384988396,0.3597138758724818
donor+acceptor,2,1990,120,General,SVR,0.35918230929925377,0.4318612915796371,0.12375822667661518
donor+acceptor,2,1990,120,General,XGB,0.31040237614574434,0.4056140253486853,0.22703234292851582
donor+acceptor,2,1990,120,Chalcogen-aware,RF,0.3343714211803871,0.4375918775802722,0.10034934726900002
donor+acceptor,2,1990,120,Chalcogen-aware,SVR,0.3386245495793042,0.4461847429874963,0.06467008114525985
donor+acceptor,2,1990,120,Chalcogen-aware,XGB,0.35006890908228555,0.47019549509715247,-0.03870524054912994
donor+acceptor,2,1990,120,Combined,RF,0.31164815236095894,0.4059225586023696,0.2258559687675692
donor+acceptor,2,1990,120,Combined,SVR,0.32822195778303115,0.4132840479077578,0.1975228405779702
donor+acceptor,2,1990,120,Combined,XGB,0.30784735942465463,0.39688661322680263,0.25993767410952917
donor+acceptor,3,2030,110,-,Mean baseline,0.34049112006269594,0.4309010244778416,-0.00770240949302603
donor+acceptor,3,2030,110,Donor/acceptor one-hot,Ridge,0.3406361485238795,0.4310434280317403,-0.008368567650631098
donor+acceptor,3,2030,110,General,RF,0.3932439808662344,0.47233145209444183,-0.21079599373881996
donor+acceptor,3,2030,110,General,SVR,0.42859333931859145,0.5274067912100274,-0.5096236091670088
donor+acceptor,3,2030,110,General,XGB,0.4124238603580822,0.49724506572400234,-0.3418939910803529
donor+acceptor,3,2030,110,Chalcogen-aware,RF,0.3237653103008332,0.40760962732419626,0.09829161164570499
donor+acceptor,3,2030,110,Chalcogen-aware,SVR,0.3077986600505196,0.3992309514056577,0.1349809912771306
donor+acceptor,3,2030,110,Chalcogen-aware,XGB,0.33324720067499325,0.41557558656058413,0.06270284934841497
donor+acceptor,3,2030,110,Combined,RF,0.3373477325068181,0.4198688648038849,0.043236529348425146
donor+acceptor,3,2030,110,Combined,SVR,0.3998182878552236,0.4855913454398307,-0.27973226418346786
donor+acceptor,3,2030,110,Combined,XGB,0.36635922497447626,0.443394005840899,-0.06698147457916037
donor+acceptor,4,2057,106,-,Mean baseline,0.5033525025683127,0.6374072233293028,-0.0007737817518405077
donor+acceptor,4,2057,106,Donor/acceptor one-hot,Ridge,0.5033528246272413,0.6374071705957821,-0.0007736161612392767
donor+acceptor,4,2057,106,General,RF,0.4800202405258309,0.6116485673876058,0.07847762741111541
donor+acceptor,4,2057,106,General,SVR,0.4977701641981472,0.625061706040292,0.03761744132574707
donor+acceptor,4,2057,106,General,XGB,0.46769897031474567,0.5932419538184047,0.13310665126162913
donor+acceptor,4,2057,106,Chalcogen-aware,RF,0.4185555598527769,0.5195456398016935,0.33511066537553214
donor+acceptor,4,2057,106,Chalcogen-aware,SVR,0.35775711357729106,0.4363515941612195,0.5309975713896669
donor+acceptor,4,2057,106,Chalcogen-aware,XGB,0.4013898648083525,0.485961634009558,0.4182908098711198
donor+acceptor,4,2057,106,Combined,RF,0.4870342150840073,0.6160537985592861,0.06515580149619915
donor+acceptor,4,2057,106,Combined,SVR,0.500966482673153,0.6257175679348735,0.0355967730037291
donor+acceptor,4,2057,106,Combined,XGB,0.42506697011127104,0.5337845175204171,0.2981668082086336
