System_Code,Unit,n,HOMO_631Gd,LUMO_631Gd,Eg_631Gd,HOMO_LANL2DZ,LUMO_LANL2DZ,Eg_LANL2DZ,HOMO_LANL2DZ_PCM,LUMO_LANL2DZ_PCM,Eg_LANL2DZ_PCM,Experimental_Eg
OOO,monomer,1,-5.38,-2.56,2.82,-5.82,-3.20,2.61,-5.87,-3.35,2.52,2.46
OOO,dimer,2,-5.04,-2.83,2.20,-5.50,-3.44,2.06,-5.50,-3.51,1.99,
OOO,trimer,3,-4.94,-2.96,1.98,-5.41,-3.56,1.85,-5.38,-3.58,1.80,
OOO,tetramer,4,-4.91,-3.03,1.87,-5.38,-3.62,1.75,-5.32,-3.62,1.70,
OOO,pentamer,5,-4.89,-3.08,1.82,-5.36,-3.66,1.70,-5.29,-3.64,1.65,
OOO,hexamer,6,-4.88,-3.10,1.78,-5.35,-3.69,1.66,-5.28,-3.66,1.62,
OSO,monomer,1,-5.19,-2.49,2.70,-5.60,-3.14,2.46,-5.12,-2.56,2.56,2.10
OSO,dimer,2,-4.81,-2.68,2.13,-5.24,-3.31,1.93,-4.74,-2.73,2.01,
OSO,trimer,3,-4.71,-2.77,1.93,-5.14,-3.40,1.74,-4.63,-2.81,1.82,
OSO,tetramer,4,-4.66,-2.83,1.83,-5.10,-3.45,1.65,-4.58,-2.86,1.73,
OSO,pentamer,5,-4.64,-2.86,1.78,-5.08,-3.48,1.60,-4.56,-2.88,1.68,
OSeO,monomer,1,-5.12,-2.56,2.56,-5.72,-3.08,2.43,-5.67,-3.20,2.47,2.44
OSeO,dimer,2,-4.74,-2.73,2.01,-5.33,-3.23,1.91,-5.31,-3.33,1.98,
OSeO,trimer,3,-4.63,-2.81,1.82,-5.21,-3.31,1.72,-5.19,-3.39,1.79,
OSeO,tetramer,4,-4.58,-2.86,1.73,-5.16,-3.35,1.63,-5.13,-3.43,1.70,
OSeO,pentamer,5,-4.56,-2.88,1.68,-5.13,-3.37,1.58,-5.10,-3.45,1.65,
OTeO,monomer,1,–,–,–,-5.38,-2.99,2.39,-5.58,-3.09,2.49,
OTeO,dimer,2,–,–,–,-4.96,-3.08,1.88,-5.22,-3.22,1.99,
OTeO,trimer,3,–,–,–,-4.87,-3.18,1.69,-5.10,-3.29,1.81,
OTeO,tetramer,4,–,–,–,-4.82,-3.21,1.60,-5.04,-3.32,1.72,
OTeO,pentamer,5,–,–,–,-4.79,-3.23,1.56,-5.01,-3.34,1.67,
OTeO,hexamer,6,–,–,–,-4.77,-3.24,1.53,-5.00,-3.35,1.65,
SOS,monomer,1,-5.52,-2.70,2.83,-5.89,-3.30,2.59,-5.90,-3.38,2.52,2.47
SOS,dimer,2,-5.20,-3.00,2.20,-5.56,-3.56,2.00,-5.53,-3.57,1.96,
SOS,trimer,3,-5.11,-3.13,1.97,-5.47,-3.69,1.78,-5.41,-3.66,1.75,
SOS,tetramer,4,-5.07,-3.20,1.87,-5.43,-3.75,1.68,-5.36,-3.71,1.65,
SOS,pentamer,5,-5.05,-3.25,1.81,-5.41,-3.79,1.62,-5.33,-3.74,1.59,
SOS,hexamer,6,-5.04,-3.27,1.77,-5.40,-3.82,1.58,-5.31,-3.75,1.56,
SSS,monomer,1,-5.35,-2.61,2.74,-5.68,-3.24,2.44,-5.77,-3.30,2.47,2.43
SSS,dimer,2,-5.00,-2.84,2.16,-5.33,-3.43,1.90,-5.41,-3.47,1.94,
SSS,trimer,3,-4.89,-2.94,1.95,-5.22,-3.53,1.69,-5.29,-3.55,1.73,
SSS,tetramer,4,-4.85,-3.00,1.85,-5.17,-3.58,1.59,-5.23,-3.59,1.64,
SSS,pentamer,5,-4.82,-3.03,1.80,-5.15,-3.61,1.54,-5.20,-3.62,1.59,
SSS,hexamer,6,-4.81,-3.05,1.76,-5.13,-3.63,1.51,-5.20,-3.63,1.55,
SSeS,monomer,1,-5.29,-2.68,2.61,-5.60,-3.18,2.42,-5.72,-3.24,2.48,2.29
SSeS,dimer,2,-4.93,-2.87,2.05,-5.23,-3.35,1.88,-5.35,-3.40,1.95,
SSeS,trimer,3,-4.82,-2.97,1.85,-5.12,-3.44,1.68,-5.23,-3.48,1.75,
SSeS,tetramer,4,-4.77,-3.02,1.76,-5.07,-3.49,1.58,-5.18,-3.52,1.65,
SSeS,pentamer,5,-4.75,-3.04,1.70,-5.04,-3.51,1.52,-5.15,-3.55,1.60,
SSeS,hexamer,6,-4.73,-3.06,1.67,-5.13,-3.63,1.50,-5.13,-3.56,1.57,
STeS,monomer,1,–,–,–,-5.47,-3.09,2.38,-5.62,-3.14,2.49,
STeS,dimer,2,–,–,–,-5.09,-3.24,1.85,-5.27,-3.30,1.96,
STeS,trimer,3,–,–,–,-4.97,-3.32,1.65,-5.15,-3.39,1.76,
STeS,tetramer,4,–,–,–,-4.91,-3.36,1.56,-5.09,-3.43,1.67,
STeS,pentamer,5,–,–,–,-4.88,-3.38,1.50,-5.06,-3.45,1.61,
STeS,hexamer,6,–,–,–,-4.87,-3.40,1.47,-5.05,-3.46,1.58,
SeOSe,monomer,1,-5.50,-2.72,2.78,-5.81,-3.27,2.54,-5.83,-3.36,2.47,2.41
SeOSe,dimer,2,-5.18,-3.04,2.14,-5.49,-3.54,1.95,-5.45,-3.55,1.90,
SeOSe,trimer,3,-5.08,-3.18,1.90,-5.39,-3.67,1.72,-5.33,-3.64,1.69,
SeOSe,tetramer,4,-5.04,-3.25,1.79,-5.35,-3.73,1.62,-5.27,-3.69,1.59,
SeOSe,pentamer,5,-5.02,-3.29,1.73,-5.33,-3.77,1.56,-5.24,-3.71,1.53,
SeOSe,hexamer,6,-5.01,-3.32,1.69,-5.32,-3.80,1.52,-5.23,-3.73,1.50,
SeSSe,monomer,1,-5.27,-2.68,2.58,-5.53,-3.26,2.28,-5.64,-3.33,2.31,2.33
SeSSe,dimer,2,-4.84,-2.95,1.89,-5.10,-3.43,1.66,-5.20,-3.49,1.71,
SeSSe,trimer,3,-4.71,-2.99,1.71,-4.96,-3.52,1.43,-5.06,-3.58,1.48,
SeSSe,tetramer,4,-4.65,-3.04,1.60,-4.89,-3.57,1.32,-5.00,-3.62,1.38,
SeSSe,pentamer,5,-4.63,-3.07,1.56,-4.86,-3.59,1.27,-4.96,-3.64,1.32,
SeSSe,hexamer,6,-4.60,-3.09,1.51,-4.83,-3.61,1.22,-4.94,-3.66,1.28,
SeSeSe,monomer,1,-5.20,-2.77,2.43,-5.45,-3.20,2.24,-5.04,-3.04,2.00,2.19
SeSeSe,dimer,2,-4.76,-2.95,1.81,-5.00,-3.37,1.63,-4.69,-3.16,1.53,
SeSeSe,trimer,3,-4.62,-3.04,1.58,-4.85,-3.45,1.40,-4.56,-3.23,1.34,
SeSeSe,tetramer,4,-4.56,-3.08,1.48,-4.78,-3.49,1.29,-4.50,-3.27,1.23,
SeSeSe,pentamer,5,-4.53,-3.11,1.41,-4.75,-3.51,1.24,-4.46,-3.29,1.16,
SeSeSe,hexamer,6,-4.51,-3.13,1.38,-4.73,-3.53,1.20,-4.43,-3.31,1.12,
SeTeSe,monomer,1,–,–,–,-5.32,-3.13,2.19,-5.48,-3.17,2.30,
SeTeSe,dimer,2,–,–,–,-4.85,-3.28,1.58,-5.04,-3.34,1.70,
SeTeSe,trimer,3,–,–,–,-4.70,-3.35,1.35,-4.89,-3.42,1.48,
SeTeSe,tetramer,4,–,–,–,-4.63,-3.38,1.25,-4.82,-3.46,1.37,
SeTeSe,pentamer,5,–,–,–,-4.59,-3.41,1.18,-4.79,-3.48,1.31,
SeTeSe,hexamer,6,–,–,–,-4.56,-3.42,1.14,-4.79,-3.48,1.27,
TeOTe,monomer,1,–,–,–,-5.63,-3.33,2.30,-5.67,-3.40,2.27,
TeOTe,dimer,2,–,–,–,-5.21,-3.55,1.65,-5.23,-3.59,1.64,
TeOTe,trimer,3,–,–,–,-5.08,-3.66,1.41,-5.08,-3.68,1.40,
TeOTe,tetramer,4,–,–,–,-5.01,-3.72,1.30,-5.01,-3.73,1.28,
TeOTe,pentamer,5,–,–,–,-4.98,-3.75,1.23,-4.97,-3.76,1.22,
TeOTe,hexamer,6,–,–,–,-4.96,-3.78,1.18,-4.95,-3.77,1.17,
TeSTe,monomer,1,–,–,–,-5.44,-3.36,2.08,-5.54,-3.37,2.17,
TeSTe,dimer,2,–,–,–,-4.97,-3.52,1.45,-5.06,-3.53,1.53,
TeSTe,trimer,3,–,–,–,-4.82,-3.60,1.22,-4.91,-3.61,1.30,
TeSTe,tetramer,4,–,–,–,-4.75,-3.65,1.10,-4.84,-3.66,1.19,
TeSTe,pentamer,5,–,–,–,-4.70,-3.67,1.03,-4.80,-3.68,1.11,
TeSTe,hexamer,6,–,–,–,-4.68,-3.69,0.98,-4.77,-3.70,1.07,
TeSeTe,monomer,1,–,–,–,-5.36,-3.32,2.04,-5.48,-3.32,2.16,
TeSeTe,dimer,2,–,–,–,-4.88,-3.47,1.40,-5.00,-3.48,1.52,
TeSeTe,trimer,3,–,–,–,-4.71,-3.55,1.17,-4.84,-3.56,1.28,
TeSeTe,tetramer,4,–,–,–,-4.64,-3.59,1.05,-4.77,-3.60,1.17,
TeSeTe,pentamer,5,–,–,–,-4.59,-3.61,0.98,-4.73,-3.63,1.10,
TeSeTe,hexamer,6,–,–,–,-4.56,-3.63,0.93,-4.70,-3.64,1.06,
TeTeTe,monomer,1,–,–,–,-5.24,-3.28,1.97,-4.85,-3.11,1.75,
TeTeTe,dimer,2,–,–,–,-4.74,-3.41,1.33,-4.47,-3.19,1.28,
TeTeTe,trimer,3,–,–,–,-4.57,-3.47,1.09,-4.32,-3.25,1.07,
TeTeTe,tetramer,4,–,–,–,-4.48,-3.51,0.97,-4.24,-3.29,0.95,
TeTeTe,pentamer,5,–,–,–,-4.42,-3.54,0.89,-4.18,-3.32,0.86,
TeTeTe,hexamer,6,–,–,–,-4.40,-3.55,0.85,-4.14,-3.35,0.79,
